Name,Google Play Price,App Store Price
+Download 4 Instagram Twitter,0.0,
Ak Parti YardÄ±m Toplama,13.99,
Alarm.fo â€“ choose your info,0.0,
All Social Networks,0.0,
Alumni BJ,0.0,
Amino: Communities and Chats,0.0,
Amleen Ey,0.0,
Anime et Manga Amino en FranÃ§ais,0.0,
Au Pair,0.0,
Auto DM for Twitter ğŸ”¥,0.0,
B-Messenger Video Chat,0.0,
BA 3 Banjarmasin,0.0,
BG LINKED (BGLINKED),0.0,
BGKontakti Bayern BG Kontakti,0.0,
BGKontakti London BG Kontakti,0.0,
BGKontakti Vienna BG Kontakti,0.0,
BH Connect,0.0,
BIGO LIVE - Live Stream,0.0,
BK Traffic Control cum Chart,0.0,
BOO! - Next Generation Messenger,0.0,
BR Chat Bot,0.0,
BT Communicator,0.0,
"BT Dating -Find your match, help cupid, be social",0.0,
Badoo - Free Chat & Dating App,0.0,
Banjo,0.0,
Best DP and Status,0.0,
Black Social,0.0,
Blogaway for Android (Blogger),0.0,
Blogger,0.0,
Bloglovin',0.0,
Br Browser,0.0,
C.P. CERVANTES (TOBARRA),0.0,
CB Heroes,0.0,
CG Districts,0.0,
CJ Gospel Hour,0.0,
CP Dialer,0.0,
Chat For Strangers - Video Chat,0.0,
Check Your Visitors on FB ?,0.0,
Coupe AdhÃ©mar EY 2017,0.0,
Couple - Relationship App,0.0,
Cyprus Police,0.0,
DB Event App,0.0,
DC Comics Amino,0.0,
DF BugMeNot,0.0,
DK Murali,0.0,
DM Me - Chat,0.0,
DM Storage (for twitter),0.0,
DM for IG ğŸ˜˜ - Image & Video Saver for Instagram,0.0,
DN Blog,0.0,
DP Display Pictures Life Quotes Motivational GM,0.0,
DP and Status for WhatsApp 2018,0.0,
DV Statistics,0.0,
DW Streaming,0.0,
Daddyhunt: Gay Dating,0.0,
Daily Murli Saar Widget,0.0,
"Dating App, Flirt & Chat : W-Match",0.0,
Dating.dk,0.0,
Digi-TV.ch,0.0,
DiscÃ­pulos em BH,0.0,
Downloader plus for FB,0.0,
Dp For Whatsapp,0.0,
Dp for Facebook,0.0,
Dr B R Ambedkar (Jai Bhim),0.0,
Dr. B.R.Ambedkar,0.0,
EG Way Life,0.0,
EO RAIPUR,0.0,
EXO-L Amino for EXO Fans,0.0,
EZ Video Download for Facebook,0.0,
Eddsworld Amino,0.0,
Ek Maratha,0.0,
Equestria Amino for MLP,0.0,
Eternal Light AG,0.0,
European Solidarity Corps,0.0,
Evasion.bz,0.0,
FB Advanced Search,0.0,
FCB Connect - FC Barcelona,0.0,
Facebook,0.0,
Facebook Creator,0.0,
Facebook Lite,0.0,
Facebook Local,0.0,
Fake Chat (Direct Message),0.0,
"Fame Boom for Real Followers, Likes",0.0,
Family GPS tracker KidControl + GPS by SMS Locator,0.0,
Faster Social for Facebook,0.0,
Faster for Facebook Lite,0.0,
"Fiesta by Tango - Find, Meet and Make New Friends",0.0,
Find My Friends,0.0,
FollowMeter for Instagram,0.0,
Fr Daoud Lamei,0.0,
Frases Cristianas de Esperanza y Fe,0.0,
"Free Messages, Video, Chat,Text for Messenger Plus",0.0,
"Free phone calls, free texting SMS on free number",0.0,
Friendly for Facebook,0.0,
Frim: get new friends on local chat rooms,0.0,
Frontback - Social Photos,0.0,
FunForMobile Ringtones & Chat,0.0,
FutureNet your social app,0.0,
GUYZ - Gay Chat & Gay Dating,0.0,
Gayvox - Gay Lesbian Bi Dating,0.0,
GirlTalk.dk,0.0,
Golden telegram,0.0,
Google+,0.0,
Greeting Cards & Wishes,0.0,
Grindr - Gay chat,0.0,
H letter images,0.0,
HOLLA Live: Meet New People via Random Video Chat,0.0,
HTC Social Plugin - Facebook,0.0,
Hashtags For Likes.co,0.0,
"Hide Something - Photo, Video",0.0,
Hornet - Gay Social Network,0.0,
Hum Ek Hain 2.02,0.0,
Instachat ğŸ˜œ,0.0,
Instagram,0.0,
Instant DP Downloader for Instagram,0.0,
Jamaa Amino for Animal Jam,0.0,
"Jaumo Dating, Flirt & Live Video",0.0,
Jodel - The Hyperlocal App,0.0,
"Join R, Community Engagement",0.0,
KDRAMA Amino for K-Drama Fans,0.0,
KPOP Amino for K-Pop Entertainment,0.0,
Kate Mobile for VK,0.0,
LOVOO,0.0,
Legend - Animate Text in Video,0.0,
Lesbian Chat & Dating - SPICY,0.0,
LinkedIn,0.0,
Lite Messenger for Facebook Lite,0.0,
"LiveMe - Video chat, new friends, and make money",0.0,
Love Images,0.0,
Love Sticker,0.0,
MB Notifications for FB (Free),0.0,
Mali J,0.0,
Media Sosial TNI AU,0.0,
"Meet U - Get Friends for Snapchat, Kik & Instagram",0.0,
Meet â€“ Talk to Strangers Using Random Video Chat,0.0,
MeetMe: Chat & Meet New People,0.0,
Meetup,0.0,
Message AI - Write Better Messages (Free),0.0,
"Messages, Text and Video Chat for Messenger",0.0,
Messenger,0.0,
Messenger Messenger,0.0,
Messenger Pro,0.0,
"Mico- Stranger Chat Random video Chat, Live, Meet",0.0,
Mini for Facebook lite,0.0,
Mirrativ: Live Stream Any App,0.0,
MobilePatrol Public Safety App,0.0,
Moment,0.0,
Movement BE,0.0,
Myjob@BM,0.0,
Naruto & Boruto FR,0.0,
News Dz,0.0,
Nextdoor - Local neighborhood news & classifieds,0.0,
Noticias DF,0.0,
Otto DM,0.0,
POF Free Dating App,0.0,
Path,0.0,
Patook - make platonic friends,0.0,
Pekalongan CJ,0.0,
Periscope - Live Video,0.0,
Phoenix - Facebook & Messenger,0.0,
Phone Tracker : Family Locator,0.0,
Pink Color for Facebook,0.0,
Pinterest,0.0,
Profile Pictures and DP for Whatsapp,0.0,
Profile Tracker - Who Viewed My Facebook Profile,0.0,
Puffin for Facebook,0.0,
Qeek for Instagram - Zoom profile insta DP,0.0,
Quora,0.0,
Rande.cz,0.0,
Reisedealz.eu,0.0,
Rejoin Your Ex,0.0,
"SKOUT - Meet, Chat, Go Live",0.0,
SPARK - Live random video chat & meet new people,0.0,
Sabka Malik Ek Sai,0.0,
"SayHi Chat, Meet New People",0.0,
"See U - Random video chat, video chat",0.0,
Share G - Images Sharing - Wallpapers App,0.0,
Snaappy â€“ 3D fun AR core communication platform,0.0,
Snapchat,0.0,
Social network all in one 2018,0.0,
Stickers for Facebook,0.0,
"Stickers for Imo, fb, whatsapp",0.0,
Stream - Live Video Community,0.0,
Students.ch,0.0,
Swift for Facebook Lite,0.0,
TN EC Online New,0.0,
TN Patta /Chitta /EC New,0.0,
TN e Sevai TN EB Bill Patta Citta EC Birth All Hub,0.0,
TNEB Bill Online Payment (Tamil),0.0,
"Tagged - Meet, Chat & Dating",0.0,
Tango - Live Video Broadcast,0.0,
"Tapatalk - 100,000+ Forums",0.0,
Telegram X,0.0,
Text Free: WiFi Calling App,0.0,
"Text Me: Text Free, Call Free, Second Phone Number",0.0,
Text free - Free Text + Call,0.0,
TextNow - free text + calls,0.0,
The Messenger App,0.0,
The Video Messenger App,0.0,
Tik Tok - including musical.ly,0.0,
Timehop,0.0,
Tumblr,0.0,
TwitCasting Live,0.0,
U LIVE â€“ Video Chat & Stream,0.0,
U-Report,0.0,
UP EB Bill Payment & Details,0.0,
Undertale AU Amino,0.0,
"Unlimited Group Links - Whatsapp, FB, Telegram",0.0,
V Bucks ProTips New,0.0,
VK,0.0,
VMate Lite - Funny Short Videos Social Network,0.0,
Verdad o Reto,0.0,
VidStatus app - Status Videos & Status Downloader,0.0,
W-History Standalone,0.99,
"Waplog - Free Chat, Dating App, Meet Singles",0.0,
We Heart It,0.0,
Web Browser & Fast Explorer,0.0,
Web Browser ( Fast & Secure Web Explorer),0.0,
What U See,0.0,
WhatsFake Pro (Ad free),0.99,
Whisper,0.0,
Who Viewed My Facebook Profile - Stalkers Visitors,0.0,
Wishbone - Compare Anything,0.0,
YAY - TBH,0.0,
YouNow: Live Stream Video Chat,0.0,
Zdravei.BG,0.0,
Zello PTT Walkie Talkie,0.0,
bm-Events,0.0,
eChallan Andhra Pradesh (AP),0.0,
funny Image Comments for FB,0.0,
i-share AF/KLM (AFKL ishare),0.0,
iCard BD Plus,0.0,
magicApp Calling & Messaging,0.0,
"ooVoo Video Calls, Messaging & Stories",0.0,
pixiv,0.0,
quran-DZ,0.0,
signÃ¡ly.cz,0.0,
textPlus: Free Text & Calls,0.0,
uCiC- Videos and Photos on demand,0.0,
"ğŸ’˜ WhatsLov: Smileys of love, stickers and GIF",0.0,
After School - Funny Anonymous School News,,0.0
All Devices for WhatsApp - Messenger for iPad,,0.0
Ameba,,0.0
BOO! - Video chat camera with filters & stickers,,0.0
"Badoo - Meet New People, Chat, Socialize.",,0.0
Badoo Premium - Meet new people. Extra features.,,2.99
Battlefieldâ„¢ Companion,,0.0
BestieBox,,0.0
BiBiå¨±ä¹ç¤¾åŒº - å¥½ç©çš„æ¸¸æˆéƒ½åœ¨è¿™é‡Œï¼,,0.0
Bowitter for iPhone,,0.99
CTFxCmoji,,0.0
Candid - Speak Your Mind Freely,,0.0
Chain: Collaborate On MyVideo Story/Group Video,,0.0
Chat for Pokemon Go - GoChat,,0.0
Chat for Whatsapp - iPad Version,,0.0
ChatMate for WhatsApp,,2.99
Chatous - Chat with new people,,0.0
Cougar Dating & Life Style App for Mature Women,,0.0
Demi Lovato Stickers,,0.99
Discord - Chat for Gamers,,0.0
Down To Lunch,,0.0
Facebook,,0.0
Fake Location,,0.99
Fake-A-Location Free â„¢,,0.0
Fam â€” Group video calling for iMessage,,0.0
Fiesta by Tango - Chat & Meet New People,,0.0
"Find My Family, Friends & iPhone - Life360 Locator",,0.0
FireChat,,0.0
FixYou-ç„¡æ–™ã§ãƒãƒ£ãƒƒãƒˆãƒˆãƒ¼ã‚¯ãŒã§ãã‚‹SNSãƒãƒƒãƒãƒ³ã‚°ã‚¢ãƒ—ãƒª,,0.0
Flinch - Video Chat Staring Contest,,0.0
FollowMeter for Instagram - Followers Tracking,,0.0
Followers + EA - Analytics for Instagram,,0.99
Followers + for Instagram - Follower Analytics,,0.0
Followers - Social Analytics For Instagram,,0.0
Followers Analysis Tool For Instagram App Free,,0.0
Followers Analytics for Instagram - InstaReport,,0.0
GhostCodes - a discovery app for Snapchat,,0.0
Google Allo â€” smart messaging,,0.0
Google Duo - simple video calling,,0.0
"Grindr - Gay and same sex guys chat, meet and date",,0.0
GroupMe,,0.0
HONNE -æœ¬éŸ³ãŒè¨€ãˆã‚‹åŒ¿åã¤ã¶ã‚„ã&ãƒãƒ£ãƒƒãƒˆã‚¢ãƒ—ãƒª,,0.0
Hangouts,,0.0
Hey! VINA - Where Women Meet New Friends,,0.0
Highrise - Your Avatar Community,,0.0
Houseparty - Group Video Chat,,0.0
IAmNaughty â€“ Dating App to Meet New People Online,,0.0
Inkeâ€”Broadcast an amazing life,,0.0
InsPad - Instagram for iPad,,4.99
InsSave - Download & Save Photos & Videos From Instagram With Ease!,,0.99
InsTrack for Instagram - Analytics Plus More,,0.0
Jodel,,0.0
Jãƒ¡ãƒ¼ãƒ« å‡ºä¼šãˆã‚‹äººæ°—ã®åŒ¿åSNSå‡ºä¼šã„ç³»ã‚¢ãƒ—ãƒª,,0.0
Kik,,0.0
Kiwi - Q&A,,0.0
LINE,,0.0
LINE BLOG,,0.0
LINE PLAY - Your Avatar World,,0.0
LOVOO - Dating Chat,,0.0
League of Legends Friends,,0.0
LinkedIn,,0.0
Littlebook - for Facebook on Watch,,2.99
Live.me â€“ Live Video Chat & Make Friends Nearby,,0.0
Lobi,,0.0
Love Msg,,0.99
MATCH ON LINE chat,,0.0
"MOMOé™Œé™Œ-å¼€å¯è§†é¢‘ç¤¾äº¤,ç”¨ç›´æ’­åˆ†äº«ç”Ÿæ´»",,0.0
Marco Polo Video Walkie Talkie,,0.0
Matchâ„¢ - #1 Dating App.,,0.0
MeetMe - Chat and Meet New People,,0.0
Messenger,,0.0
Miitomo,,0.0
Monkey,,0.0
Mustknow - anonymous video Q&A,,0.0
NOWç›´æ’­â€”è…¾è®¯æ——ä¸‹å…¨æ°‘ç›´æ’­å¹³å°,,0.0
Nextdoor,,0.0
Not Karlton Banks Emojis by Eboticons,,1.99
POF - Best Dating App for Conversations,,0.0
Peach â€” share vividly,,0.0
Periscope - Live Video Streaming Around the World,,0.0
Pinterest,,0.0
PlayStationÂ®Messages,,0.0
Popcorn Buzz - Free Group Calls,,0.0
QQ,,0.0
QQ HD,,0.0
QQ International,,0.0
"Quick Reposter - Repost, Regram and Reshare Photos",,0.0
Qzone,,0.0
Qzone HD,,0.0
Rawr Messenger - Dab your chat,,0.0
Remove Caption for Snapchat* Screenshots,,3.99
Repost It! for Instagram Pro - Video Photo Whiz,,2.99
Repost for Instagram,,0.0
SOMA Messenger,,0.0
Selfeo,,0.0
SimSimi,,0.0
Skype for iPad,,0.0
Skype for iPhone,,0.0
SoundCloud Pulse: for creators,,0.0
"Tango - Free Video Call, Voice and Chat",,0.0
Tantan,,0.0
TeamSpeak 3,,4.99
Telegram Messenger,,0.0
TextNow - Unlimited Text + Calls,,0.0
Threema,,2.99
Timehop,,0.0
Todrick,,0.99
Tumblr,,0.0
Tweetbot 4 for Twitter,,9.99
VVebo - å¾®åšå®¢æˆ·ç«¯,,0.99
Viber Messenger â€“ Text & Call,,0.0
"We Heart It - Fashion, wallpapers, quotes, tattoos",,0.0
WeChat,,0.0
Weibo,,0.0
Weibo HD,,0.0
WeicoPro 4,,0.99
WhatsApp Messenger,,0.0
WhenToPost: Best Time to Post Photos for Instagram,,0.0
"Whisper - Share, Express, Meet",,0.0
Who Deleted Me? for Facebook,,0.99
Wishbone - Compare Anything,,0.0
YY- å°å…¨æ°‘æ‰‹æœºç›´æ’­äº¤å‹è½¯ä»¶,,0.0
YouNow: Live Stream Video Chat,,0.0
Zenly - Locate your friends in realtime,,0.0
bit-tube - Live Stream Video Chat,,0.0
botman - Real time video chat,,0.0
eHarmonyâ„¢ Dating App - Meet Singles,,0.0
feather for Twitter,,2.99
imo video calls and chat,,0.0
live.ly - live video streaming,,0.0
niconico ch,,0.0
"ooVoo â€“ Free Video Call, Text and Voice",,0.0
same - å°±æ˜¯èŠå¾—æ¥,,0.0
ã€å®Œå…¨ç„¡æ–™ã€‘ãŠã¨ãªå°‚ç”¨ï¼å‡ºä¼šã„æ²ç¤ºæ¿,,0.0
ã€å®Œå…¨ç„¡æ–™ã€‘ã‚½ã‚¯å‡ºä¼šãˆã‚‹ï¼ã²ã¿ã¤ãƒ•ãƒ¬æ¢ã—æ²ç¤ºæ¿,,0.0
ãŠãƒãƒ£ãƒ™ãƒª-ãƒ“ãƒ‡ã‚ªé€šè©±ã§ãƒãƒƒãƒãƒ³ã‚°ã‚¢ãƒ—ãƒª,,0.0
ã²ã¿ã¤ã®å‡ºä¼šã„æ¢ã—ã¯ãƒã‚¯ã‚¢ã‚¤-ç„¡æ–™ã®å‡ºä¼šã„ãƒãƒ£ãƒƒãƒˆã‚¢ãƒ—ãƒªã§å‹é”ä½œã‚Š,,0.0
ã‚²ãƒ¼ãƒ æ”»ç•¥ã€ŒSGGPã€æ²ç¤ºæ¿ã€SNSãªå‹é”å‡ºä¼šã„,,0.0
ã‚¿ãƒƒãƒ—ãƒ«èª•ç”Ÿ - å‡ºä¼šã„ã‚¢ãƒ—ãƒªã§è¶£å‘³ã‹ã‚‰æ‹æ´»ãƒ»å©šæ´»,,0.0
ãƒ”ã‚°ãƒ‘ãƒ¼ãƒ†ã‚£ - ãã›ã‹ãˆãƒ»ã‚¢ãƒã‚¿ãƒ¼ã§æ¥½ã—ã‚€ãƒˆãƒ¼ã‚¯ã‚¢ãƒ—ãƒª,,0.0
ãƒãƒƒãƒãƒ³ã‚° ãƒãƒ£ãƒƒãƒˆ - ãƒãƒƒãƒãƒ³ã‚°&æ‹äººæ¢ã—ãƒãƒ£ãƒƒãƒˆ,,0.0
ãƒãƒƒãƒãƒ³ã‚°ãªã‚‰Secret- å‹é”ãƒ»æ‹äººæ¢ã—SNS,,0.0
ãƒ©ã‚¤ãƒ–ãƒãƒ£ãƒƒãƒˆã€ãƒ“ãƒ‡ã‚ªãƒãƒ£ãƒƒãƒˆé€šè©±ãŒæ¥½ã—ã‚ã‚‹ï¼ ãƒ©ã‚¤ãƒ–ã§ã‚´ãƒ¼ã‚´ãƒ¼,,0.0
ä¸€è¨€-è®°å½•å­—å¥ï¼Œå‘ç°å…±é¸£,,0.99
å‡ºä¼šã„å¿œæ´ãƒãƒ£ãƒƒãƒˆã‚¢ãƒ—ãƒªLIKE YOU,,0.0
å‡ºä¼šã„ç„¡æ–™ã®ãƒãƒ£ãƒƒãƒˆæ²ç¤ºæ¿ LINK,,0.0
å‡ºä¼šã„ç§˜å¯†ãƒãƒ£ãƒƒãƒˆ - ç›¸å¸­ å‡ºä¼šã„ç³»ãƒãƒ£ãƒƒãƒˆ,,0.0
å‡ºä¼šã„ç³»ã‚¢ãƒ—ãƒª i-Mailï¼ˆã‚¢ã‚¤ãƒ¡ãƒ¼ãƒ«ï¼‰,,0.0
å‡ºä¼šã„ç³»ç„¡æ–™ã§éŠã¹ã‚‹snsã‚¢ãƒ—ãƒªå†…ç·’ãƒãƒ£ãƒƒãƒˆãƒˆãƒ¼ã‚¯,,0.0
å‹é” æ‹äººæ¢ã— ã§ã‚ã„ ã¡ã‚ƒã£ã¨ sns -ã‚®ãƒ£ãƒ«ã¨ã‚‚,,0.0
åŒåŸçˆ±çº¦ä¼š-å•èº«ç”·å¥³çº¦ä¼šç¥å™¨,,0.0
å¤§äººã®å‡ºä¼šã„ãƒãƒ£ãƒƒãƒˆ  - å‡ºä¼šã„ç³» ã‚¢ãƒ—ãƒª,,0.0
æš‡ãªã‚‰è©±ãã†ï¼èª°ã§ã‚‚è©±ã›ã¦å‹é”ã‚‚ä½œã‚Œã‚‹ã€ŒKoeTomoã€,,0.0
"æ±‚æ‹çˆ± ä¸“ä¸šç‰ˆ-é«˜ç«¯æ‹çˆ±ç›¸äº²å©šæ‹äº¤å‹ç¥å™¨,åŒåŸå¯‚å¯å•èº«ç”·å¥³èŠå¤©çº¦ä¼šæ‰¾å¯¹è±¡å¹³å°",,0.99
æ´‹è‘±åœˆâ€”æ­£ç»äººçš„ä¸æ­£ç»èŠå¤©å·¥å…·,,0.0
æ´¾æ´¾æ¿€æƒ…ç‰ˆ-å¯‚é™Œé™Œå£°äººäº¤å‹ç¥å™¨,,0.0
ç‹¼äººä¹‹å¤œ,,0.99
ç™¾åº¦è´´å§-å…¨çƒæœ€å¤§å…´è¶£äº¤å‹ç¤¾åŒº,,0.0
ç™¾åº¦è´´å§HD,,0.0
çŸ¥ä¹,,0.0
ç§€è‰²ç§€åœº-ç½‘çº¢ç›´æ’­ èŠå¤©äº¤å‹,,0.0
ç¾æ’­ - ç©ä¸å°½çš„çœŸäººæ¸¸æˆ,,0.0
èŠ±æ¤’ç›´æ’­-é«˜æ¸…ç¾é¢œç›´æ’­äº’åŠ¨å¹³å°,,0.0
è§†å§-å…¨æ°‘æ‰‹æœºç›´æ’­,,0.0
è±†ç“£,,0.0
é™Œçˆ±ç¥å™¨-ä¸é—²èŠï¼é™Œç”Ÿäººå¿«é€Ÿçº¦è§é¢å¹³å°,,0.0
éè¯šå‹¿æ‰°-ä¸­å›½æœ€å¤§å…è´¹å©šæ‹äº¤å‹å¹³å°,,0.0
