App,Category,Rating,Reviews,Size,Installs,Type,Price,Content Rating,Genres,Last Updated,Current Ver,Android Ver,Name
Infinite Painter,ART_AND_DESIGN,4.1,36815,29M,"1,000,000+",Free,0,Everyone,Art & Design,"June 14, 2018",6.1.61.1,4.2 and up,infinitepainter
Indeed Job Search,BUSINESS,4.3,674730,Varies with device,"50,000,000+",Free,0,Everyone,Business,"May 21, 2018",Varies with device,Varies with device,indeedjobsearch
Uber Driver,BUSINESS,4.4,1254730,Varies with device,"10,000,000+",Free,0,Everyone,Business,"August 3, 2018",Varies with device,Varies with device,uberdriver
ADP Mobile Solutions,BUSINESS,4.3,85185,29M,"5,000,000+",Free,0,Everyone,Business,"July 17, 2018",3.4.2,5.0 and up,adpmobilesolutions
Genius Scan - PDF Scanner,BUSINESS,4.4,42492,Varies with device,"1,000,000+",Free,0,Everyone,Business,"July 11, 2018",Varies with device,Varies with device,geniusscanpdfscanner
Genius Scan - PDF Scanner,BUSINESS,4.4,42492,Varies with device,"1,000,000+",Free,0,Everyone,Business,"July 11, 2018",Varies with device,Varies with device,geniusscanpdfscanner
WhatsApp Messenger,COMMUNICATION,4.4,69119316,Varies with device,"1,000,000,000+",Free,0,Everyone,Communication,"August 3, 2018",Varies with device,Varies with device,whatsappmessenger
Hangouts,COMMUNICATION,4.0,3419249,Varies with device,"1,000,000,000+",Free,0,Everyone,Communication,"July 21, 2018",Varies with device,Varies with device,hangouts
Firefox Focus: The privacy browser,COMMUNICATION,4.4,36880,4.0M,"1,000,000+",Free,0,Everyone,Communication,"July 6, 2018",5.2,5.0 and up,firefoxfocustheprivacybrowser
WeChat,COMMUNICATION,4.2,5387333,Varies with device,"100,000,000+",Free,0,Everyone,Communication,"July 31, 2018",Varies with device,Varies with device,wechat
Puffin Web Browser,COMMUNICATION,4.3,541389,Varies with device,"10,000,000+",Free,0,Everyone,Communication,"July 9, 2018",7.5.3.20547,4.1 and up,puffinwebbrowser
GMX Mail,COMMUNICATION,4.3,258556,Varies with device,"10,000,000+",Free,0,Everyone,Communication,"July 25, 2018",Varies with device,Varies with device,gmxmail
WhatsApp Messenger,COMMUNICATION,4.4,69119316,Varies with device,"1,000,000,000+",Free,0,Everyone,Communication,"August 3, 2018",Varies with device,Varies with device,whatsappmessenger
Hangouts,COMMUNICATION,4.0,3419433,Varies with device,"1,000,000,000+",Free,0,Everyone,Communication,"July 21, 2018",Varies with device,Varies with device,hangouts
WeChat,COMMUNICATION,4.2,5387446,Varies with device,"100,000,000+",Free,0,Everyone,Communication,"July 31, 2018",Varies with device,Varies with device,wechat
GroupMe,COMMUNICATION,4.5,330761,Varies with device,"10,000,000+",Free,0,Everyone,Communication,"July 3, 2018",Varies with device,Varies with device,groupme
Firefox Focus: The privacy browser,COMMUNICATION,4.4,36893,4.0M,"1,000,000+",Free,0,Everyone,Communication,"July 6, 2018",5.2,5.0 and up,firefoxfocustheprivacybrowser
Puffin Web Browser,COMMUNICATION,4.3,541389,Varies with device,"10,000,000+",Free,0,Everyone,Communication,"July 9, 2018",7.5.3.20547,4.1 and up,puffinwebbrowser
Puffin Browser Pro,COMMUNICATION,4.0,18247,Varies with device,"100,000+",Paid,$3.99,Everyone,Communication,"July 5, 2018",7.5.3.20547,4.1 and up,puffinbrowserpro
Hangouts,COMMUNICATION,4.0,3419513,Varies with device,"1,000,000,000+",Free,0,Everyone,Communication,"July 21, 2018",Varies with device,Varies with device,hangouts
WeChat,COMMUNICATION,4.2,5387446,Varies with device,"100,000,000+",Free,0,Everyone,Communication,"July 31, 2018",Varies with device,Varies with device,wechat
Calculator,DATING,2.6,57,6.2M,"1,000+",Paid,$6.99,Everyone,Dating,"October 25, 2017",1.1.6,4.0 and up,calculator
TED,EDUCATION,4.6,181893,18M,"10,000,000+",Free,0,Everyone 10+,Education,"July 27, 2018",3.2.5,4.1 and up,ted
PBS KIDS Video,EDUCATION,4.2,36212,Varies with device,"5,000,000+",Free,0,Everyone,Education;Music & Video,"July 12, 2018",Varies with device,Varies with device,pbskidsvideo
TED,EDUCATION,4.6,181893,18M,"10,000,000+",Free,0,Everyone 10+,Education,"July 27, 2018",3.2.5,4.1 and up,ted
TED,EDUCATION,4.6,181893,18M,"10,000,000+",Free,0,Everyone 10+,Education,"July 27, 2018",3.2.5,4.1 and up,ted
Google Classroom,EDUCATION,4.2,69493,Varies with device,"10,000,000+",Free,0,Everyone,Education,"July 19, 2018",Varies with device,Varies with device,googleclassroom
Edmodo,EDUCATION,4.1,200058,18M,"10,000,000+",Free,0,Everyone,Education,"July 20, 2018",9.12.5,4.0.3 and up,edmodo
Google Classroom,EDUCATION,4.2,69498,Varies with device,"10,000,000+",Free,0,Everyone,Education,"July 19, 2018",Varies with device,Varies with device,googleclassroom
ClassDojo,EDUCATION,4.4,148550,59M,"10,000,000+",Free,0,Everyone,Education;Education,"August 3, 2018",4.21.1,4.1 and up,classdojo
Google Classroom,EDUCATION,4.2,69498,Varies with device,"10,000,000+",Free,0,Everyone,Education,"July 19, 2018",Varies with device,Varies with device,googleclassroom
ClassDojo,EDUCATION,4.4,148549,59M,"10,000,000+",Free,0,Everyone,Education;Education,"August 3, 2018",4.21.1,4.1 and up,classdojo
Toca Life: City,EDUCATION,4.7,31085,24M,"500,000+",Paid,$3.99,Everyone,Education;Pretend Play,"July 6, 2018",1.5-play,4.4 and up,tocalifecity
Netflix,ENTERTAINMENT,4.4,5456208,Varies with device,"100,000,000+",Free,0,Teen,Entertainment,"July 31, 2018",Varies with device,Varies with device,netflix
YouTube Kids,ENTERTAINMENT,4.5,470089,Varies with device,"50,000,000+",Free,0,Everyone,Entertainment;Music & Video,"August 3, 2018",3.43.3,4.1 and up,youtubekids
Talking Ginger 2,ENTERTAINMENT,4.2,702975,49M,"50,000,000+",Free,0,Everyone,Entertainment,"July 5, 2018",2.6.6.11,4.1 and up,talkingginger2
Amazon Prime Video,ENTERTAINMENT,4.2,411683,24M,"50,000,000+",Free,0,Teen,Entertainment,"August 2, 2018",3.0.231.18141,4.1 and up,amazonprimevideo
PlayStation App,ENTERTAINMENT,4.2,613059,25M,"50,000,000+",Free,0,Everyone,Entertainment,"July 26, 2018",18.07.0,4.1 and up,playstationapp
Regal Cinemas,ENTERTAINMENT,4.3,32732,Varies with device,"1,000,000+",Free,0,Everyone,Entertainment,"July 19, 2018",Varies with device,Varies with device,regalcinemas
Fandango Movies - Times + Tickets,ENTERTAINMENT,4.6,243747,Varies with device,"10,000,000+",Free,0,Teen,Entertainment,"August 2, 2018",Varies with device,Varies with device,fandangomoviestimestickets
Netflix,ENTERTAINMENT,4.4,5456208,Varies with device,"100,000,000+",Free,0,Teen,Entertainment,"July 31, 2018",Varies with device,Varies with device,netflix
STARZ,ENTERTAINMENT,4.3,88185,Varies with device,"10,000,000+",Free,0,Mature 17+,Entertainment,"June 20, 2018",Varies with device,Varies with device,starz
Nick,ENTERTAINMENT,4.2,123279,25M,"10,000,000+",Free,0,Everyone 10+,Entertainment;Music & Video,"January 24, 2018",2.0.8,4.4 and up,nick
The CW,ENTERTAINMENT,4.4,288150,21M,"5,000,000+",Free,0,Teen,Entertainment,"July 23, 2018",2.17,4.4 and up,thecw
BET NOW - Watch Shows,ENTERTAINMENT,4.2,14807,19M,"1,000,000+",Free,0,Teen,Entertainment,"July 8, 2018",11.45.0,4.4 and up,betnowwatchshows
SHOWTIME,ENTERTAINMENT,4.2,12398,Varies with device,"1,000,000+",Free,0,Teen,Entertainment,"July 2, 2018",Varies with device,Varies with device,showtime
Netflix,ENTERTAINMENT,4.4,5456599,Varies with device,"100,000,000+",Free,0,Teen,Entertainment,"July 31, 2018",Varies with device,Varies with device,netflix
STARZ,ENTERTAINMENT,4.3,88185,Varies with device,"10,000,000+",Free,0,Mature 17+,Entertainment,"June 20, 2018",Varies with device,Varies with device,starz
Nick,ENTERTAINMENT,4.2,123279,25M,"10,000,000+",Free,0,Everyone 10+,Entertainment;Music & Video,"January 24, 2018",2.0.8,4.4 and up,nick
The CW,ENTERTAINMENT,4.4,288150,21M,"5,000,000+",Free,0,Teen,Entertainment,"July 23, 2018",2.17,4.4 and up,thecw
WWE,ENTERTAINMENT,4.5,736864,20M,"10,000,000+",Free,0,Teen,Entertainment,"January 19, 2018",3.17.2,4.1 and up,wwe
MTV,ENTERTAINMENT,3.8,35279,15M,"1,000,000+",Free,0,Teen,Entertainment,"July 8, 2018",11.45.0,4.4 and up,mtv
BET NOW - Watch Shows,ENTERTAINMENT,4.2,14807,19M,"1,000,000+",Free,0,Teen,Entertainment,"July 8, 2018",11.45.0,4.4 and up,betnowwatchshows
PlayKids - Educational cartoons and games for kids,ENTERTAINMENT,4.1,182103,Varies with device,"10,000,000+",Free,0,Everyone,Entertainment;Music & Video,"July 30, 2018",Varies with device,Varies with device,playkidseducationalcartoonsandgamesforkids
Netflix,ENTERTAINMENT,4.4,5456708,Varies with device,"100,000,000+",Free,0,Teen,Entertainment,"July 31, 2018",Varies with device,Varies with device,netflix
Vudu Movies & TV,ENTERTAINMENT,3.9,58082,Varies with device,"10,000,000+",Free,0,Teen,Entertainment,"August 1, 2018",Varies with device,Varies with device,vudumoviestv
Nick,ENTERTAINMENT,4.2,123279,25M,"10,000,000+",Free,0,Everyone 10+,Entertainment;Music & Video,"January 24, 2018",2.0.8,4.4 and up,nick
STARZ,ENTERTAINMENT,4.3,88185,Varies with device,"10,000,000+",Free,0,Mature 17+,Entertainment,"June 20, 2018",Varies with device,Varies with device,starz
The CW,ENTERTAINMENT,4.4,288150,21M,"5,000,000+",Free,0,Teen,Entertainment,"July 23, 2018",2.17,4.4 and up,thecw
Redbox,ENTERTAINMENT,4.1,115033,30M,"10,000,000+",Free,0,Everyone,Entertainment,"July 2, 2018",7.5.0,5.0 and up,redbox
SHOWTIME,ENTERTAINMENT,4.2,12398,Varies with device,"1,000,000+",Free,0,Teen,Entertainment,"July 2, 2018",Varies with device,Varies with device,showtime
MTV,ENTERTAINMENT,3.8,35279,15M,"1,000,000+",Free,0,Teen,Entertainment,"July 8, 2018",11.45.0,4.4 and up,mtv
BET NOW - Watch Shows,ENTERTAINMENT,4.2,14807,19M,"1,000,000+",Free,0,Teen,Entertainment,"July 8, 2018",11.45.0,4.4 and up,betnowwatchshows
Nick,ENTERTAINMENT,4.2,123279,25M,"10,000,000+",Free,0,Everyone 10+,Entertainment;Music & Video,"January 24, 2018",2.0.8,4.4 and up,nick
Fandango Movies - Times + Tickets,ENTERTAINMENT,4.6,243747,Varies with device,"10,000,000+",Free,0,Teen,Entertainment,"August 2, 2018",Varies with device,Varies with device,fandangomoviestimestickets
My Talking Pet,ENTERTAINMENT,4.6,6238,Varies with device,"100,000+",Paid,$4.99,Everyone,Entertainment,"June 30, 2018",Varies with device,Varies with device,mytalkingpet
"SeatGeek – Tickets to Sports, Concerts, Broadway",EVENTS,4.4,15558,26M,"1,000,000+",Free,0,Everyone,Events,"August 3, 2018",2018.07.31229,5.0 and up,seatgeekticketstosportsconcertsbroadway
Wells Fargo Mobile,FINANCE,4.4,250706,37M,"10,000,000+",Free,0,Everyone,Finance,"July 31, 2018",6.8.0.109,5.0 and up,wellsfargomobile
Capital One® Mobile,FINANCE,4.6,510392,79M,"10,000,000+",Free,0,Everyone,Finance,"August 1, 2018",5.38.1,5.0 and up,capitalonemobile
USAA Mobile,FINANCE,4.5,100997,33M,"5,000,000+",Free,0,Everyone,Finance,"July 27, 2018",8.44.2,5.0 and up,usaamobile
Bank of America Mobile Banking,FINANCE,4.4,341090,53M,"10,000,000+",Free,0,Everyone,Finance,"July 31, 2018",7.8.8,4.4 and up,bankofamericamobilebanking
Wells Fargo Mobile,FINANCE,4.4,250719,37M,"10,000,000+",Free,0,Everyone,Finance,"July 31, 2018",6.8.0.109,5.0 and up,wellsfargomobile
Capital One® Mobile,FINANCE,4.6,510401,79M,"10,000,000+",Free,0,Everyone,Finance,"August 1, 2018",5.38.1,5.0 and up,capitalonemobile
Amex Mobile,FINANCE,4.3,24729,32M,"1,000,000+",Free,0,Everyone,Finance,"August 3, 2018",6.7.0,5.0 and up,amexmobile
Citi Mobile®,FINANCE,4.0,78306,46M,"5,000,000+",Free,0,Everyone,Finance,"July 31, 2018",9.9.0,4.4 and up,citimobile
Chase Mobile,FINANCE,4.6,1374549,32M,"10,000,000+",Free,0,Everyone,Finance,"July 23, 2018",3.52,5.0 and up,chasemobile
McDonald's,FOOD_AND_DRINK,3.6,145323,42M,"10,000,000+",Free,0,Everyone,Food & Drink,"July 31, 2018",5.15.0,4.4 and up,mcdonalds
Chick-fil-A,FOOD_AND_DRINK,4.3,28008,17M,"5,000,000+",Free,0,Everyone,Food & Drink,"August 3, 2018",6.0.1,5.0 and up,chickfila
Starbucks,FOOD_AND_DRINK,4.5,455377,35M,"10,000,000+",Free,0,Everyone,Food & Drink,"August 1, 2018",4.11.1,4.4 and up,starbucks
Domino's Pizza USA,FOOD_AND_DRINK,4.7,1032935,Varies with device,"10,000,000+",Free,0,Everyone,Food & Drink,"July 20, 2018",Varies with device,Varies with device,dominospizzausa
SONIC Drive-In,FOOD_AND_DRINK,4.3,19314,43M,"1,000,000+",Free,0,Everyone,Food & Drink,"July 31, 2018",3.3.6,4.4 and up,sonicdrivein
Allrecipes Dinner Spinner,FOOD_AND_DRINK,4.5,61881,Varies with device,"5,000,000+",Free,0,Everyone,Food & Drink,"April 10, 2018",Varies with device,Varies with device,allrecipesdinnerspinner
Paprika Recipe Manager,FOOD_AND_DRINK,4.1,1268,2.3M,"50,000+",Paid,$4.99,Everyone,Food & Drink,"June 3, 2018",1.4.4,4.0 and up,paprikarecipemanager
Domino's Pizza USA,FOOD_AND_DRINK,4.7,1032935,Varies with device,"10,000,000+",Free,0,Everyone,Food & Drink,"July 20, 2018",Varies with device,Varies with device,dominospizzausa
DoorDash - Food Delivery,FOOD_AND_DRINK,4.5,104504,Varies with device,"1,000,000+",Free,0,Everyone,Food & Drink,"July 31, 2018",Varies with device,Varies with device,doordashfooddelivery
Chick-fil-A,FOOD_AND_DRINK,4.3,28009,17M,"5,000,000+",Free,0,Everyone,Food & Drink,"August 3, 2018",6.0.1,5.0 and up,chickfila
Fitbit,HEALTH_AND_FITNESS,3.9,357417,Varies with device,"10,000,000+",Free,0,Everyone,Health & Fitness,"July 26, 2018",Varies with device,Varies with device,fitbit
Nike Training Club - Workouts & Fitness Plans,HEALTH_AND_FITNESS,4.6,251534,93M,"10,000,000+",Free,0,Everyone,Health & Fitness,"July 18, 2018",5.14.0,5.0 and up,niketrainingclubworkoutsfitnessplans
Seven - 7 Minute Workout Training Challenge,HEALTH_AND_FITNESS,4.5,75571,Varies with device,"1,000,000+",Free,0,Everyone,Health & Fitness,"August 3, 2018",7.2.5,Varies with device,seven7minuteworkouttrainingchallenge
Pocket Yoga,HEALTH_AND_FITNESS,4.4,2107,Varies with device,"100,000+",Paid,$2.99,Everyone,Health & Fitness,"December 22, 2015",Varies with device,Varies with device,pocketyoga
Pocket Yoga,HEALTH_AND_FITNESS,4.4,2107,Varies with device,"100,000+",Paid,$2.99,Everyone,Health & Fitness,"December 22, 2015",Varies with device,Varies with device,pocketyoga
Geocaching®,HEALTH_AND_FITNESS,4.1,62616,Varies with device,"5,000,000+",Free,0,Teen,Health & Fitness,"August 2, 2018",Varies with device,Varies with device,geocaching
Seven - 7 Minute Workout Training Challenge,HEALTH_AND_FITNESS,4.5,75571,Varies with device,"1,000,000+",Free,0,Everyone,Health & Fitness,"August 3, 2018",7.2.5,Varies with device,seven7minuteworkouttrainingchallenge
Nike Training Club - Workouts & Fitness Plans,HEALTH_AND_FITNESS,4.6,251534,93M,"10,000,000+",Free,0,Everyone,Health & Fitness,"July 18, 2018",5.14.0,5.0 and up,niketrainingclubworkoutsfitnessplans
SUDOKU,LIBRARIES_AND_DEMO,4.1,923,4.3M,"100,000+",Free,0,Everyone,Libraries & Demo,"October 15, 2015",3.1,2.3 and up,sudoku
H&M,LIFESTYLE,3.7,41941,14M,"10,000,000+",Free,0,Everyone,Lifestyle,"July 30, 2018",9.6.3,4.4 and up,hm
Zara,LIFESTYLE,4.3,95904,33M,"10,000,000+",Free,0,Everyone,Lifestyle,"July 30, 2018",4.1.0,4.1 and up,zara
Zara,LIFESTYLE,4.3,95905,33M,"10,000,000+",Free,0,Everyone,Lifestyle,"July 30, 2018",4.1.0,4.1 and up,zara
ROBLOX,GAME,4.5,4447388,67M,"100,000,000+",Free,0,Everyone 10+,Adventure;Action & Adventure,"July 31, 2018",2.347.225742,4.1 and up,roblox
Subway Surfers,GAME,4.5,27722264,76M,"1,000,000,000+",Free,0,Everyone 10+,Arcade,"July 12, 2018",1.90.0,4.1 and up,subwaysurfers
Candy Crush Saga,GAME,4.4,22426677,74M,"500,000,000+",Free,0,Everyone,Casual,"July 5, 2018",1.129.0.2,4.1 and up,candycrushsaga
Solitaire,GAME,4.7,254258,23M,"10,000,000+",Free,0,Everyone,Card,"August 1, 2018",2.137.0,4.1 and up,solitaire
slither.io,GAME,4.4,5234162,Varies with device,"100,000,000+",Free,0,Everyone,Action,"November 14, 2017",Varies with device,2.3 and up,slitherio
Clash Royale,GAME,4.6,23133508,97M,"100,000,000+",Free,0,Everyone 10+,Strategy,"June 27, 2018",2.3.2,4.1 and up,clashroyale
Temple Run 2,GAME,4.3,8118609,62M,"500,000,000+",Free,0,Everyone,Action,"July 5, 2018",1.49.1,4.0 and up,templerun2
Pou,GAME,4.3,10485308,24M,"500,000,000+",Free,0,Everyone,Casual,"May 25, 2018",1.4.77,4.0 and up,pou
Angry Birds Rio,GAME,4.4,2610526,46M,"100,000,000+",Free,0,Everyone,Arcade,"July 3, 2018",2.6.9,4.1 and up,angrybirdsrio
Sonic Dash,GAME,4.5,3778921,75M,"100,000,000+",Free,0,Everyone,Arcade,"July 26, 2018",3.8.5.Go,4.1 and up,sonicdash
Candy Crush Soda Saga,GAME,4.4,6198563,67M,"100,000,000+",Free,0,Everyone,Casual,"July 10, 2018",1.118.4,4.1 and up,candycrushsodasaga
Clash of Clans,GAME,4.6,44891723,98M,"100,000,000+",Free,0,Everyone 10+,Strategy,"July 15, 2018",10.322.16,4.1 and up,clashofclans
PAC-MAN,GAME,4.2,685981,37M,"100,000,000+",Free,0,Everyone,Arcade,"May 15, 2018",6.6.3,4.1 and up,pacman
8 Ball Pool,GAME,4.5,14198297,52M,"100,000,000+",Free,0,Everyone,Sports,"July 31, 2018",4.0.0,4.0.3 and up,8ballpool
Flow Free,GAME,4.3,1295557,11M,"100,000,000+",Free,0,Everyone,Puzzle,"April 11, 2018",4.0,4.1 and up,flowfree
Fishdom,GAME,4.6,2157930,Varies with device,"10,000,000+",Free,0,Everyone,Puzzle,"July 19, 2018",2.21.5,4.0.3 and up,fishdom
Zombie Tsunami,GAME,4.4,4920817,Varies with device,"100,000,000+",Free,0,Everyone 10+,Arcade,"June 15, 2018",Varies with device,Varies with device,zombietsunami
Candy Crush Jelly Saga,GAME,4.3,1300490,78M,"50,000,000+",Free,0,Everyone,Puzzle,"July 20, 2018",2.1.10,4.0 and up,candycrushjellysaga
Hill Climb Racing,GAME,4.4,8923587,63M,"100,000,000+",Free,0,Everyone,Racing,"July 2, 2018",1.37.2,4.2 and up,hillclimbracing
Zombie Catchers,GAME,4.7,990491,75M,"10,000,000+",Free,0,Everyone,Action,"May 24, 2018",1.0.27,4.1 and up,zombiecatchers
Farm Heroes Saga,GAME,4.4,7614130,70M,"100,000,000+",Free,0,Everyone,Casual,"July 26, 2018",5.1.8,2.3 and up,farmheroessaga
Geometry Dash World,GAME,4.6,760628,63M,"10,000,000+",Free,0,Everyone,Arcade,"December 22, 2017",1.03,4.0 and up,geometrydashworld
My Talking Angela,GAME,4.5,9881829,99M,"100,000,000+",Free,0,Everyone,Casual,"July 3, 2018",3.7.2.51,4.1 and up,mytalkingangela
Subway Surfers,GAME,4.5,27723193,76M,"1,000,000,000+",Free,0,Everyone 10+,Arcade,"July 12, 2018",1.90.0,4.1 and up,subwaysurfers
ROBLOX,GAME,4.5,4447346,67M,"100,000,000+",Free,0,Everyone 10+,Adventure;Action & Adventure,"July 31, 2018",2.347.225742,4.1 and up,roblox
Pou,GAME,4.3,10485334,24M,"500,000,000+",Free,0,Everyone,Casual,"May 25, 2018",1.4.77,4.0 and up,pou
8 Ball Pool,GAME,4.5,14198602,52M,"100,000,000+",Free,0,Everyone,Sports,"July 31, 2018",4.0.0,4.0.3 and up,8ballpool
Clash of Clans,GAME,4.6,44891723,98M,"100,000,000+",Free,0,Everyone 10+,Strategy,"July 15, 2018",10.322.16,4.1 and up,clashofclans
Candy Crush Saga,GAME,4.4,22428456,74M,"500,000,000+",Free,0,Everyone,Casual,"July 5, 2018",1.129.0.2,4.1 and up,candycrushsaga
Cooking Fever,GAME,4.5,3197865,82M,"100,000,000+",Free,0,Everyone,Arcade,"July 12, 2018",2.8.0,4.0.3 and up,cookingfever
Score! Hero,GAME,4.6,5418675,96M,"100,000,000+",Free,0,Everyone,Sports,"June 13, 2018",1.751,4.4 and up,scorehero
My Talking Angela,GAME,4.5,9881908,99M,"100,000,000+",Free,0,Everyone,Casual,"July 3, 2018",3.7.2.51,4.1 and up,mytalkingangela
Toy Blast,GAME,4.7,1889250,Varies with device,"50,000,000+",Free,0,Everyone,Puzzle,"July 23, 2018",5423,4.1 and up,toyblast
Candy Crush Soda Saga,GAME,4.4,6198880,67M,"100,000,000+",Free,0,Everyone,Casual,"July 10, 2018",1.118.4,4.1 and up,candycrushsodasaga
Fishdom,GAME,4.6,2157930,Varies with device,"10,000,000+",Free,0,Everyone,Puzzle,"July 19, 2018",2.21.5,4.0.3 and up,fishdom
Clash Royale,GAME,4.6,23134775,97M,"100,000,000+",Free,0,Everyone 10+,Strategy,"June 27, 2018",2.3.2,4.1 and up,clashroyale
My Talking Tom,GAME,4.5,14891223,Varies with device,"500,000,000+",Free,0,Everyone,Casual,"July 19, 2018",4.8.0.132,4.1 and up,mytalkingtom
Angry Birds Rio,GAME,4.4,2610622,46M,"100,000,000+",Free,0,Everyone,Arcade,"July 3, 2018",2.6.9,4.1 and up,angrybirdsrio
Zombie Catchers,GAME,4.7,990586,75M,"10,000,000+",Free,0,Everyone,Action,"May 24, 2018",1.0.27,4.1 and up,zombiecatchers
Temple Run 2,GAME,4.3,8118937,62M,"500,000,000+",Free,0,Everyone,Action,"July 5, 2018",1.49.1,4.0 and up,templerun2
Zombie Tsunami,GAME,4.4,4921122,Varies with device,"100,000,000+",Free,0,Everyone 10+,Arcade,"June 15, 2018",Varies with device,Varies with device,zombietsunami
Farm Heroes Saga,GAME,4.4,7614271,70M,"100,000,000+",Free,0,Everyone,Casual,"July 26, 2018",5.1.8,2.3 and up,farmheroessaga
slither.io,GAME,4.4,5234825,Varies with device,"100,000,000+",Free,0,Everyone,Action,"November 14, 2017",Varies with device,2.3 and up,slitherio
Roll the Ball® - slide puzzle,GAME,4.5,1385093,35M,"100,000,000+",Free,0,Everyone,Puzzle,"August 2, 2018",1.7.40,4.1 and up,rolltheballslidepuzzle
Traffic Racer,GAME,4.5,5387639,53M,"100,000,000+",Free,0,Everyone,Racing,"February 27, 2018",2.5,4.1 and up,trafficracer
Hill Climb Racing 2,GAME,4.6,2750410,Varies with device,"100,000,000+",Free,0,Everyone,Racing,"August 2, 2018",1.17.2,4.2 and up,hillclimbracing2
Flow Free,GAME,4.3,1295606,11M,"100,000,000+",Free,0,Everyone,Puzzle,"April 11, 2018",4.0,4.1 and up,flowfree
ROBLOX,GAME,4.5,4448791,67M,"100,000,000+",Free,0,Everyone 10+,Adventure;Action & Adventure,"July 31, 2018",2.347.225742,4.1 and up,roblox
Subway Surfers,GAME,4.5,27724094,76M,"1,000,000,000+",Free,0,Everyone 10+,Arcade,"July 12, 2018",1.90.0,4.1 and up,subwaysurfers
Candy Crush Saga,GAME,4.4,22428456,74M,"500,000,000+",Free,0,Everyone,Casual,"July 5, 2018",1.129.0.2,4.1 and up,candycrushsaga
8 Ball Pool,GAME,4.5,14200344,52M,"100,000,000+",Free,0,Everyone,Sports,"July 31, 2018",4.0.0,4.0.3 and up,8ballpool
slither.io,GAME,4.4,5234810,Varies with device,"100,000,000+",Free,0,Everyone,Action,"November 14, 2017",Varies with device,2.3 and up,slitherio
Hungry Shark Evolution,GAME,4.5,6074334,100M,"100,000,000+",Free,0,Teen,Arcade,"July 25, 2018",6.0.0,4.1 and up,hungrysharkevolution
Temple Run 2,GAME,4.3,8118937,62M,"500,000,000+",Free,0,Everyone,Action,"July 5, 2018",1.49.1,4.0 and up,templerun2
Pokémon GO,GAME,4.1,10424925,85M,"100,000,000+",Free,0,Everyone,Adventure,"July 23, 2018",0.111.3,4.4 and up,pokmongo
Trivia Crack,GAME,4.5,6427773,95M,"100,000,000+",Free,0,Everyone,Trivia,"August 3, 2018",2.79.0,4.1 and up,triviacrack
Tomb of the Mask,GAME,4.1,55380,39M,"5,000,000+",Free,0,Everyone,Action,"July 24, 2018",1.2.1,5.0 and up,tombofthemask
Episode - Choose Your Story,GAME,4.3,1841061,Varies with device,"50,000,000+",Free,0,Teen,Simulation,"July 31, 2018",Varies with device,Varies with device,episodechooseyourstory
The Game of Life,GAME,4.4,18621,63M,"100,000+",Paid,$2.99,Everyone,Board,"July 4, 2018",2.1.2,4.4 and up,thegameoflife
RollerCoaster Tycoon® Classic,GAME,4.6,10795,69M,"100,000+",Paid,$5.99,Everyone,Simulation,"December 21, 2017",1.2.1.1712080,4.0.3 and up,rollercoastertycoonclassic
Call of Duty:Black Ops Zombies,GAME,4.2,13004,46M,"100,000+",Paid,$6.99,Teen,Action,"December 20, 2016",1.0.11,2.3.3 and up,callofdutyblackopszombies
ROBLOX,GAME,4.5,4449882,67M,"100,000,000+",Free,0,Everyone 10+,Adventure;Action & Adventure,"July 31, 2018",2.347.225742,4.1 and up,roblox
Candy Crush Saga,GAME,4.4,22429716,74M,"500,000,000+",Free,0,Everyone,Casual,"July 5, 2018",1.129.0.2,4.1 and up,candycrushsaga
Angry Birds 2,GAME,4.6,3883589,57M,"100,000,000+",Free,0,Everyone,Casual,"July 26, 2018",2.21.1,4.1 and up,angrybirds2
8 Ball Pool,GAME,4.5,14200550,52M,"100,000,000+",Free,0,Everyone,Sports,"July 31, 2018",4.0.0,4.0.3 and up,8ballpool
Fallout Shelter,GAME,4.6,2719142,25M,"10,000,000+",Free,0,Teen,Simulation,"June 11, 2018",1.13.12,4.1 and up,falloutshelter
The Sims™ FreePlay,GAME,4.3,931595,31M,"10,000,000+",Free,0,Teen,Simulation,"July 16, 2018",5.39.1,4.0.3 and up,thesimsfreeplay
MARVEL Contest of Champions,GAME,4.3,2468063,92M,"50,000,000+",Free,0,Teen,Action,"July 30, 2018",19.1.0,4.0.3 and up,marvelcontestofchampions
Choices: Stories You Play,GAME,4.6,807338,93M,"10,000,000+",Free,0,Teen,Simulation,"July 30, 2018",2.3.5,4.0.3 and up,choicesstoriesyouplay
Summoners War,GAME,4.3,2045554,28M,"50,000,000+",Free,0,Teen,Role Playing,"July 30, 2018",4.0.1,4.0.3 and up,summonerswar
FINAL FANTASY BRAVE EXVIUS,GAME,4.6,745684,83M,"5,000,000+",Free,0,Teen,Role Playing,"July 17, 2018",3.0.2,4.0.3 and up,finalfantasybraveexvius
Candy Crush Saga,GAME,4.4,22430188,74M,"500,000,000+",Free,0,Everyone,Casual,"July 5, 2018",1.129.0.2,4.1 and up,candycrushsaga
ROBLOX,GAME,4.5,4449910,67M,"100,000,000+",Free,0,Everyone 10+,Adventure;Action & Adventure,"July 31, 2018",2.347.225742,4.1 and up,roblox
8 Ball Pool,GAME,4.5,14201891,52M,"100,000,000+",Free,0,Everyone,Sports,"July 31, 2018",4.0.0,4.0.3 and up,8ballpool
Subway Surfers,GAME,4.5,27725352,76M,"1,000,000,000+",Free,0,Everyone 10+,Arcade,"July 12, 2018",1.90.0,4.1 and up,subwaysurfers
Candy Crush Soda Saga,GAME,4.4,6199095,67M,"100,000,000+",Free,0,Everyone,Casual,"July 10, 2018",1.118.4,4.1 and up,candycrushsodasaga
Toy Blast,GAME,4.7,1889582,Varies with device,"50,000,000+",Free,0,Everyone,Puzzle,"July 23, 2018",5423,4.1 and up,toyblast
Clash Royale,GAME,4.6,23136735,97M,"100,000,000+",Free,0,Everyone 10+,Strategy,"June 27, 2018",2.3.2,4.1 and up,clashroyale
Clash of Clans,GAME,4.6,44893888,98M,"100,000,000+",Free,0,Everyone 10+,Strategy,"July 15, 2018",10.322.16,4.1 and up,clashofclans
Farm Heroes Saga,GAME,4.4,7614415,70M,"100,000,000+",Free,0,Everyone,Casual,"July 26, 2018",5.1.8,2.3 and up,farmheroessaga
Pou,GAME,4.3,10486018,24M,"500,000,000+",Free,0,Everyone,Casual,"May 25, 2018",1.4.77,4.0 and up,pou
Temple Run 2,GAME,4.3,8119151,62M,"500,000,000+",Free,0,Everyone,Action,"July 5, 2018",1.49.1,4.0 and up,templerun2
Flow Free,GAME,4.3,1295625,11M,"100,000,000+",Free,0,Everyone,Puzzle,"April 11, 2018",4.0,4.1 and up,flowfree
My Talking Angela,GAME,4.5,9883367,99M,"100,000,000+",Free,0,Everyone,Casual,"July 3, 2018",3.7.2.51,4.1 and up,mytalkingangela
slither.io,GAME,4.4,5235294,Varies with device,"100,000,000+",Free,0,Everyone,Action,"November 14, 2017",Varies with device,2.3 and up,slitherio
Cooking Fever,GAME,4.5,3198176,82M,"100,000,000+",Free,0,Everyone,Arcade,"July 12, 2018",2.8.0,4.0.3 and up,cookingfever
Fishdom,GAME,4.6,2158580,Varies with device,"10,000,000+",Free,0,Everyone,Puzzle,"July 19, 2018",2.21.5,4.0.3 and up,fishdom
Score! Hero,GAME,4.6,5419676,96M,"100,000,000+",Free,0,Everyone,Sports,"June 13, 2018",1.751,4.4 and up,scorehero
Zombie Catchers,GAME,4.7,990723,75M,"10,000,000+",Free,0,Everyone,Action,"May 24, 2018",1.0.27,4.1 and up,zombiecatchers
My Talking Tom,GAME,4.5,14892469,Varies with device,"500,000,000+",Free,0,Everyone,Casual,"July 19, 2018",4.8.0.132,4.1 and up,mytalkingtom
Hill Climb Racing,GAME,4.4,8923818,63M,"100,000,000+",Free,0,Everyone,Racing,"July 2, 2018",1.37.2,4.2 and up,hillclimbracing
Zombie Tsunami,GAME,4.4,4921451,Varies with device,"100,000,000+",Free,0,Everyone 10+,Arcade,"June 15, 2018",Varies with device,Varies with device,zombietsunami
Doodle Jump,GAME,4.3,1083571,Varies with device,"50,000,000+",Free,0,Everyone,Arcade,"July 20, 2018",Varies with device,Varies with device,doodlejump
Subway Surfers,GAME,4.5,27725352,76M,"1,000,000,000+",Free,0,Everyone 10+,Arcade,"July 12, 2018",1.90.0,4.1 and up,subwaysurfers
Temple Run 2,GAME,4.3,8119154,62M,"500,000,000+",Free,0,Everyone,Action,"July 5, 2018",1.49.1,4.0 and up,templerun2
slither.io,GAME,4.4,5235294,Varies with device,"100,000,000+",Free,0,Everyone,Action,"November 14, 2017",Varies with device,2.3 and up,slitherio
Zombie Catchers,GAME,4.7,990663,75M,"10,000,000+",Free,0,Everyone,Action,"May 24, 2018",1.0.27,4.1 and up,zombiecatchers
Swamp Attack,GAME,4.4,2119218,70M,"50,000,000+",Free,0,Everyone 10+,Action,"June 29, 2018",3.0.1,4.1 and up,swampattack
Earn to Die 2,GAME,4.6,1327265,99M,"50,000,000+",Free,0,Teen,Racing,"April 12, 2017",1.3,2.3.3 and up,earntodie2
Hungry Shark World,GAME,4.5,1242855,27M,"50,000,000+",Free,0,Teen,Action,"July 18, 2018",3.0.0,4.2 and up,hungrysharkworld
Dude Perfect 2,GAME,4.5,401425,70M,"10,000,000+",Free,0,Everyone,Action,"April 12, 2017",1.6.1,4.0.3 and up,dudeperfect2
Shadow Fight 2,GAME,4.6,10979062,88M,"100,000,000+",Free,0,Everyone 10+,Action,"July 2, 2018",1.9.38,3.0 and up,shadowfight2
Alto's Adventure,GAME,4.6,515657,63M,"10,000,000+",Free,0,Everyone,Action,"June 5, 2018",1.7.1,4.0 and up,altosadventure
Agar.io,GAME,4.2,3816799,32M,"100,000,000+",Free,0,Everyone,Action,"July 23, 2018",2.2.8,4.0.3 and up,agario
diep.io,GAME,4.1,347883,20M,"10,000,000+",Free,0,Everyone,Action,"March 16, 2018",1.2.7,4.0.3 and up,diepio
Dragon Hills,GAME,4.5,354373,66M,"10,000,000+",Free,0,Everyone 10+,Action,"October 12, 2017",1.2.7,4.1 and up,dragonhills
Tiny Archers,GAME,4.5,80678,Varies with device,"5,000,000+",Free,0,Mature 17+,Action,"May 25, 2018",Varies with device,Varies with device,tinyarchers
War Robots,GAME,4.6,3073251,33M,"50,000,000+",Free,0,Everyone 10+,Action,"July 25, 2018",4.1.1,4.1 and up,warrobots
Candy Crush Saga,GAME,4.4,22430188,74M,"500,000,000+",Free,0,Everyone,Casual,"July 5, 2018",1.129.0.2,4.1 and up,candycrushsaga
8 Ball Pool,GAME,4.5,14201604,52M,"100,000,000+",Free,0,Everyone,Sports,"July 31, 2018",4.0.0,4.0.3 and up,8ballpool
Solitaire,GAME,4.7,154264,12M,"10,000,000+",Free,0,Everyone,Card,"June 8, 2018",Varies with device,Varies with device,solitaire
Traffic Racer,GAME,4.5,5387781,53M,"100,000,000+",Free,0,Everyone,Racing,"February 27, 2018",2.5,4.1 and up,trafficracer
Hill Climb Racing,GAME,4.4,8923847,63M,"100,000,000+",Free,0,Everyone,Racing,"July 2, 2018",1.37.2,4.2 and up,hillclimbracing
Earn to Die 2,GAME,4.6,1327269,99M,"50,000,000+",Free,0,Teen,Racing,"April 12, 2017",1.3,2.3.3 and up,earntodie2
Flow Free,GAME,4.3,1295625,11M,"100,000,000+",Free,0,Everyone,Puzzle,"April 11, 2018",4.0,4.1 and up,flowfree
Zombie Catchers,GAME,4.7,990796,75M,"10,000,000+",Free,0,Everyone,Action,"May 24, 2018",1.0.27,4.1 and up,zombiecatchers
Angry Birds Rio,GAME,4.4,2610680,46M,"100,000,000+",Free,0,Everyone,Arcade,"July 3, 2018",2.6.9,4.1 and up,angrybirdsrio
Candy Crush Jelly Saga,GAME,4.3,1300619,78M,"50,000,000+",Free,0,Everyone,Puzzle,"July 20, 2018",2.1.10,4.0 and up,candycrushjellysaga
Hungry Shark Evolution,GAME,4.5,6074627,100M,"100,000,000+",Free,0,Teen,Arcade,"July 25, 2018",6.0.0,4.1 and up,hungrysharkevolution
Hill Climb Racing 2,GAME,4.6,2750645,Varies with device,"100,000,000+",Free,0,Everyone,Racing,"August 2, 2018",1.17.2,4.2 and up,hillclimbracing2
Swamp Attack,GAME,4.4,2119235,70M,"50,000,000+",Free,0,Everyone 10+,Action,"June 29, 2018",3.0.1,4.1 and up,swampattack
Score! Hero,GAME,4.6,5419676,96M,"100,000,000+",Free,0,Everyone,Sports,"June 13, 2018",1.751,4.4 and up,scorehero
Jetpack Joyride,GAME,4.4,4638163,96M,"100,000,000+",Free,0,Everyone 10+,Arcade,"July 19, 2018",1.10.12,4.1 and up,jetpackjoyride
Zombie Tsunami,GAME,4.4,4921409,Varies with device,"100,000,000+",Free,0,Everyone 10+,Arcade,"June 15, 2018",Varies with device,Varies with device,zombietsunami
Farm Heroes Saga,GAME,4.4,7614407,70M,"100,000,000+",Free,0,Everyone,Casual,"July 26, 2018",5.1.8,2.3 and up,farmheroessaga
YouTube Kids,FAMILY,4.5,470694,Varies with device,"50,000,000+",Free,0,Everyone,Entertainment;Music & Video,"August 3, 2018",3.43.3,4.1 and up,youtubekids
ROBLOX,FAMILY,4.5,4449910,67M,"100,000,000+",Free,0,Everyone 10+,Adventure;Action & Adventure,"July 31, 2018",2.347.225742,4.1 and up,roblox
Solitaire,FAMILY,4.4,685,26M,"100,000+",Free,0,Everyone,Card;Brain Games,"July 16, 2018",1.7.101,4.1 and up,solitaire
Toca Kitchen 2,FAMILY,4.5,1014822,56M,"50,000,000+",Free,0,Everyone,Educational;Pretend Play,"June 29, 2017",1.2.3-play,4.1 and up,tocakitchen2
Farming Simulator 14,FAMILY,4.5,530854,51M,"10,000,000+",Free,0,Everyone,Simulation;Action & Adventure,"July 17, 2017",1.4.4,2.3.3 and up,farmingsimulator14
Hot Wheels: Race Off,FAMILY,4.5,520609,Varies with device,"10,000,000+",Free,0,Everyone,Racing;Action & Adventure,"June 28, 2018",Varies with device,4.4 and up,hotwheelsraceoff
Thomas & Friends: Race On!,FAMILY,4.1,29319,26M,"5,000,000+",Free,0,Everyone,Casual;Action & Adventure,"May 18, 2018",2.4,4.4 and up,thomasfriendsraceon
ROBLOX,FAMILY,4.5,4450855,67M,"100,000,000+",Free,0,Everyone 10+,Adventure;Action & Adventure,"July 31, 2018",2.347.225742,4.1 and up,roblox
Hot Wheels: Race Off,FAMILY,4.5,520654,Varies with device,"10,000,000+",Free,0,Everyone,Racing;Action & Adventure,"June 28, 2018",Varies with device,4.4 and up,hotwheelsraceoff
Farming Simulator 14,FAMILY,4.5,530904,51M,"10,000,000+",Free,0,Everyone,Simulation;Action & Adventure,"July 17, 2017",1.4.4,2.3.3 and up,farmingsimulator14
LEGO® Juniors Create & Cruise,FAMILY,4.1,673203,73M,"50,000,000+",Free,0,Everyone,Educational;Action & Adventure,"January 19, 2018",6.7.5222,4.1 and up,legojuniorscreatecruise
Plants vs. Zombies™ Heroes,FAMILY,4.4,379415,68M,"10,000,000+",Free,0,Everyone,Casual;Action & Adventure,"June 26, 2018",1.28.01,4.1 and up,plantsvszombiesheroes
PAC-MAN Pop,FAMILY,4.3,24877,54M,"5,000,000+",Free,0,Everyone,Puzzle;Action & Adventure,"June 20, 2018",2.1.6579,4.1 and up,pacmanpop
My Little Pony: Harmony Quest,FAMILY,4.1,148295,26M,"10,000,000+",Free,0,Everyone,Casual;Action & Adventure,"March 5, 2018",1.6,4.1 and up,mylittleponyharmonyquest
Disney Crossy Road,FAMILY,4.5,514088,83M,"10,000,000+",Free,0,Everyone,Arcade;Action & Adventure,"May 30, 2018",3.200.18289,4.4 and up,disneycrossyroad
Toca Kitchen 2,FAMILY,4.5,1014846,56M,"50,000,000+",Free,0,Everyone,Educational;Pretend Play,"June 29, 2017",1.2.3-play,4.1 and up,tocakitchen2
Inside Out Thought Bubbles,FAMILY,4.4,623398,58M,"10,000,000+",Free,0,Everyone,Puzzle;Brain Games,"August 31, 2017",1.22.0,4.0.3 and up,insideoutthoughtbubbles
Frozen Free Fall,FAMILY,4.3,1574197,37M,"50,000,000+",Free,0,Everyone,Puzzle;Action & Adventure,"July 27, 2018",6.7.0,4.2 and up,frozenfreefall
Shopkins World!,FAMILY,4.3,169609,34M,"10,000,000+",Free,0,Everyone,Arcade;Action & Adventure,"June 13, 2018",3.6.1,4.1 and up,shopkinsworld
Toca Builders,FAMILY,4.2,3328,Varies with device,"100,000+",Paid,$3.99,Everyone,Education;Creativity,"July 13, 2017",Varies with device,Varies with device,tocabuilders
Toca Life: City,FAMILY,4.7,31100,24M,"500,000+",Paid,$3.99,Everyone,Education;Pretend Play,"July 6, 2018",1.5-play,4.4 and up,tocalifecity
LEGO® Friends,FAMILY,4.4,854,6.9M,"10,000+",Paid,$4.99,Everyone,Casual;Pretend Play,"December 1, 2015",Varies with device,4.0.3 and up,legofriends
"Alizay, pirate girl",FAMILY,4.5,197,11M,"1,000+",Paid,$2.99,Everyone,Casual;Action & Adventure,"March 23, 2017",4.0.2,2.3 and up,alizaypirategirl
RISK: Global Domination,FAMILY,4.0,68559,75M,"5,000,000+",Free,0,Everyone,Board;Action & Adventure,"July 31, 2018",1.19.56.434,4.4 and up,riskglobaldomination
Tsuro - The Game of the Path,FAMILY,4.7,2195,37M,"10,000+",Paid,$2.99,Everyone,Board;Brain Games,"August 2, 2016",1.3.3,2.3 and up,tsurothegameofthepath
Sago Mini Babies,FAMILY,4.5,253,83M,"10,000+",Paid,$3.99,Everyone,Education;Pretend Play,"October 28, 2016",1.1,4.0.3 and up,sagominibabies
Dr. Panda & Toto's Treehouse,FAMILY,4.4,3396,9.5M,"50,000+",Paid,$3.99,Everyone,Casual;Pretend Play,"December 9, 2014",1.8,4.0 and up,drpandatotostreehouse
Sago Mini Babies,FAMILY,4.5,253,83M,"10,000+",Paid,$3.99,Everyone,Education;Pretend Play,"October 28, 2016",1.1,4.0.3 and up,sagominibabies
Dr. Panda & Toto's Treehouse,FAMILY,4.4,3396,9.5M,"50,000+",Paid,$3.99,Everyone,Casual;Pretend Play,"December 9, 2014",1.8,4.0 and up,drpandatotostreehouse
ROBLOX,FAMILY,4.5,4450890,67M,"100,000,000+",Free,0,Everyone 10+,Adventure;Action & Adventure,"July 31, 2018",2.347.225742,4.1 and up,roblox
PlayKids - Educational cartoons and games for kids,FAMILY,4.1,182173,Varies with device,"10,000,000+",Free,0,Everyone,Entertainment;Music & Video,"July 30, 2018",Varies with device,Varies with device,playkidseducationalcartoonsandgamesforkids
YouTube Kids,FAMILY,4.5,470713,Varies with device,"50,000,000+",Free,0,Everyone,Entertainment;Music & Video,"August 3, 2018",3.43.3,4.1 and up,youtubekids
COOKING MAMA Let's Cook!,FAMILY,4.3,528745,59M,"10,000,000+",Free,0,Everyone,Educational;Pretend Play,"July 26, 2018",1.38.0,4.1 and up,cookingmamaletscook
Shopkins World!,FAMILY,4.3,169609,34M,"10,000,000+",Free,0,Everyone,Arcade;Action & Adventure,"June 13, 2018",3.6.1,4.1 and up,shopkinsworld
Frozen Free Fall,FAMILY,4.3,1574204,37M,"50,000,000+",Free,0,Everyone,Puzzle;Action & Adventure,"July 27, 2018",6.7.0,4.2 and up,frozenfreefall
Nick,FAMILY,4.2,123322,25M,"10,000,000+",Free,0,Everyone 10+,Entertainment;Music & Video,"January 24, 2018",2.0.8,4.4 and up,nick
Thomas & Friends: Race On!,FAMILY,4.1,29319,26M,"5,000,000+",Free,0,Everyone,Casual;Action & Adventure,"May 18, 2018",2.4,4.4 and up,thomasfriendsraceon
Mad Libs,FAMILY,4.0,8126,61M,"1,000,000+",Free,0,Everyone,Entertainment;Brain Games,"July 31, 2018",1.1.1,6.0 and up,madlibs
Inside Out Thought Bubbles,FAMILY,4.4,623398,58M,"10,000,000+",Free,0,Everyone,Puzzle;Brain Games,"August 31, 2017",1.22.0,4.0.3 and up,insideoutthoughtbubbles
Animal Jam - Play Wild!,FAMILY,4.6,361970,58M,"5,000,000+",Free,0,Everyone,Casual;Pretend Play,"August 2, 2018",28.0.14,4.1 and up,animaljamplaywild
Real Racing 3,FAMILY,4.5,354384,71M,"10,000,000+",Free,0,Everyone,Racing;Action & Adventure,"July 2, 2018",6.4.0,4.1 and up,realracing3
AnatomyMapp,MEDICAL,4.1,80,48M,"5,000+",Paid,$14.99,Everyone,Medical,"November 5, 2013",1.0,3.0 and up,anatomymapp
"Muscle Premium - Human Anatomy, Kinesiology, Bones",MEDICAL,4.2,168,25M,"10,000+",Paid,$24.99,Everyone,Medical,"August 11, 2017",7.1.17,4.4 and up,musclepremiumhumananatomykinesiologybones
AnatomyMapp,MEDICAL,4.1,80,48M,"5,000+",Paid,$14.99,Everyone,Medical,"November 5, 2013",1.0,3.0 and up,anatomymapp
"Muscle Premium - Human Anatomy, Kinesiology, Bones",MEDICAL,4.2,168,25M,"10,000+",Paid,$24.99,Everyone,Medical,"August 11, 2017",7.1.17,4.4 and up,musclepremiumhumananatomykinesiologybones
Facebook,SOCIAL,4.1,78158306,Varies with device,"1,000,000,000+",Free,0,Teen,Social,"August 3, 2018",Varies with device,Varies with device,facebook
Instagram,SOCIAL,4.5,66577313,Varies with device,"1,000,000,000+",Free,0,Teen,Social,"July 31, 2018",Varies with device,Varies with device,instagram
Tumblr,SOCIAL,4.4,2955326,Varies with device,"100,000,000+",Free,0,Mature 17+,Social,"August 1, 2018",Varies with device,Varies with device,tumblr
Snapchat,SOCIAL,4.0,17014787,Varies with device,"500,000,000+",Free,0,Teen,Social,"July 30, 2018",Varies with device,Varies with device,snapchat
Pinterest,SOCIAL,4.6,4305441,Varies with device,"100,000,000+",Free,0,Teen,Social,"August 3, 2018",Varies with device,Varies with device,pinterest
LinkedIn,SOCIAL,4.2,1225339,Varies with device,"100,000,000+",Free,0,Everyone,Social,"August 2, 2018",4.1.202,5.0 and up,linkedin
Tumblr,SOCIAL,4.4,2955325,Varies with device,"100,000,000+",Free,0,Mature 17+,Social,"August 1, 2018",Varies with device,Varies with device,tumblr
Snapchat,SOCIAL,4.0,17014705,Varies with device,"500,000,000+",Free,0,Teen,Social,"July 30, 2018",Varies with device,Varies with device,snapchat
Instagram,SOCIAL,4.5,66577446,Varies with device,"1,000,000,000+",Free,0,Teen,Social,"July 31, 2018",Varies with device,Varies with device,instagram
YouNow: Live Stream Video Chat,SOCIAL,4.1,309872,85M,"10,000,000+",Free,0,Teen,Social,"August 3, 2018",14.0.13,4.1 and up,younowlivestreamvideochat
Snapchat,SOCIAL,4.0,17015352,Varies with device,"500,000,000+",Free,0,Teen,Social,"July 30, 2018",Varies with device,Varies with device,snapchat
Instagram,SOCIAL,4.5,66577313,Varies with device,"1,000,000,000+",Free,0,Teen,Social,"July 31, 2018",Varies with device,Varies with device,instagram
Pinterest,SOCIAL,4.6,4305441,Varies with device,"100,000,000+",Free,0,Teen,Social,"August 3, 2018",Varies with device,Varies with device,pinterest
Timehop,SOCIAL,4.1,161610,16M,"5,000,000+",Free,0,Teen,Social,"August 5, 2018",4.5.3,4.1 and up,timehop
LinkedIn,SOCIAL,4.2,1225367,Varies with device,"100,000,000+",Free,0,Everyone,Social,"August 2, 2018",4.1.202,5.0 and up,linkedin
Wish - Shopping Made Fun,SHOPPING,4.5,6210998,15M,"100,000,000+",Free,0,Everyone,Shopping,"August 3, 2018",4.20.5,4.1 and up,wishshoppingmadefun
Wish - Shopping Made Fun,SHOPPING,4.5,6211039,15M,"100,000,000+",Free,0,Everyone,Shopping,"August 3, 2018",4.20.5,4.1 and up,wishshoppingmadefun
Nike,SHOPPING,4.7,67071,40M,"1,000,000+",Free,0,Everyone,Shopping,"August 1, 2018",2.24.0,4.4 and up,nike
Poshmark - Buy & Sell Fashion,SHOPPING,4.3,46153,17M,"10,000,000+",Free,0,Everyone,Shopping,"August 4, 2018",2.124.01,4.4 and up,poshmarkbuysellfashion
Wish - Shopping Made Fun,SHOPPING,4.5,6211039,15M,"100,000,000+",Free,0,Everyone,Shopping,"August 3, 2018",4.20.5,4.1 and up,wishshoppingmadefun
Best Buy,SHOPPING,4.4,186116,34M,"5,000,000+",Free,0,Everyone,Shopping,"August 3, 2018",11.6.0,4.4 and up,bestbuy
Poshmark - Buy & Sell Fashion,SHOPPING,4.3,46153,17M,"10,000,000+",Free,0,Everyone,Shopping,"August 4, 2018",2.124.01,4.4 and up,poshmarkbuysellfashion
ASOS,SHOPPING,4.7,181798,22M,"10,000,000+",Free,0,Everyone,Shopping,"July 30, 2018",4.4.9,4.4 and up,asos
Wish - Shopping Made Fun,SHOPPING,4.5,6212081,15M,"100,000,000+",Free,0,Everyone,Shopping,"August 3, 2018",4.20.5,4.1 and up,wishshoppingmadefun
ASOS,SHOPPING,4.7,181823,22M,"10,000,000+",Free,0,Everyone,Shopping,"July 30, 2018",4.4.9,4.4 and up,asos
Photo Editor-,PHOTOGRAPHY,4.3,68070,Varies with device,"5,000,000+",Free,0,Everyone,Photography,"May 5, 2018",Varies with device,Varies with device,photoeditor
Photo Editor,PHOTOGRAPHY,4.3,42079,17M,"1,000,000+",Free,0,Everyone,Photography,"September 24, 2015",Varies with device,4.0.3 and up,photoeditor
VSCO,PHOTOGRAPHY,4.4,753115,Varies with device,"50,000,000+",Free,0,Everyone,Photography,"August 3, 2018",71,4.4 and up,vsco
Photo Editor-,PHOTOGRAPHY,4.3,68071,Varies with device,"5,000,000+",Free,0,Everyone,Photography,"May 5, 2018",Varies with device,Varies with device,photoeditor
Photo Editor by Aviary,PHOTOGRAPHY,4.4,1490732,21M,"50,000,000+",Free,0,Everyone,Photography,"July 19, 2018",4.8.4,4.1 and up,photoeditorbyaviary
Photo Editor,PHOTOGRAPHY,4.1,114680,27M,"10,000,000+",Free,0,Everyone,Photography,"February 15, 2018",1.38,4.1 and up,photoeditor
PicsArt Photo Studio: Collage Maker & Pic Editor,PHOTOGRAPHY,4.5,7594559,34M,"100,000,000+",Free,0,Teen,Photography,"August 6, 2018",9.40.3,4.0.3 and up,picsartphotostudiocollagemakerpiceditor
Snapseed,PHOTOGRAPHY,4.5,823109,Varies with device,"50,000,000+",Free,0,Everyone,Photography,"June 29, 2018",2.19.0.201907232,4.4 and up,snapseed
NFL,SPORTS,4.1,459795,Varies with device,"50,000,000+",Free,0,Everyone,Sports,"August 2, 2018",Varies with device,Varies with device,nfl
Premier League - Official App,SPORTS,4.3,63580,24M,"5,000,000+",Free,0,Everyone,Sports,"July 20, 2018",1.1.5,4.1 and up,premierleagueofficialapp
"Bleacher Report: sports news, scores, & highlights",SPORTS,4.4,122282,Varies with device,"5,000,000+",Free,0,Everyone 10+,Sports,"July 20, 2018",Varies with device,Varies with device,bleacherreportsportsnewsscoreshighlights
NFL,SPORTS,4.1,459795,Varies with device,"50,000,000+",Free,0,Everyone,Sports,"August 2, 2018",Varies with device,Varies with device,nfl
"Bleacher Report: sports news, scores, & highlights",SPORTS,4.4,122282,Varies with device,"5,000,000+",Free,0,Everyone 10+,Sports,"July 20, 2018",Varies with device,Varies with device,bleacherreportsportsnewsscoreshighlights
WatchESPN,SPORTS,4.1,288809,6.6M,"10,000,000+",Free,0,Everyone,Sports,"September 27, 2017",2.5.1,4.4 and up,watchespn
NBC Sports,SPORTS,3.1,78442,25M,"5,000,000+",Free,0,Everyone,Sports,"June 22, 2018",5.12.4,4.1 and up,nbcsports
WatchESPN,SPORTS,4.1,288809,6.6M,"10,000,000+",Free,0,Everyone,Sports,"September 27, 2017",2.5.1,4.4 and up,watchespn
UFC,SPORTS,4.0,30840,Varies with device,"1,000,000+",Free,0,Teen,Sports,"May 22, 2018",Varies with device,Varies with device,ufc
"Bleacher Report: sports news, scores, & highlights",SPORTS,4.4,122283,Varies with device,"5,000,000+",Free,0,Everyone 10+,Sports,"July 20, 2018",Varies with device,Varies with device,bleacherreportsportsnewsscoreshighlights
"Bleacher Report: sports news, scores, & highlights",SPORTS,4.4,122283,Varies with device,"5,000,000+",Free,0,Everyone 10+,Sports,"July 20, 2018",Varies with device,Varies with device,bleacherreportsportsnewsscoreshighlights
WatchESPN,SPORTS,4.1,288809,6.6M,"10,000,000+",Free,0,Everyone,Sports,"September 27, 2017",2.5.1,4.4 and up,watchespn
NFL,SPORTS,4.1,459797,Varies with device,"50,000,000+",Free,0,Everyone,Sports,"August 2, 2018",Varies with device,Varies with device,nfl
NCAA Sports,SPORTS,3.9,4272,16M,"500,000+",Free,0,Everyone,Sports,"April 23, 2018",3.0.13,4.1 and up,ncaasports
"Bleacher Report: sports news, scores, & highlights",SPORTS,4.4,122283,Varies with device,"5,000,000+",Free,0,Everyone 10+,Sports,"July 20, 2018",Varies with device,Varies with device,bleacherreportsportsnewsscoreshighlights
NBA,SPORTS,4.4,108318,35M,"10,000,000+",Free,0,Everyone,Sports,"July 9, 2018",2017.7.1,4.4 and up,nba
NHL,SPORTS,4.0,68935,48M,"5,000,000+",Free,0,Everyone,Sports,"June 27, 2018",9.4.0,4.2 and up,nhl
NASCAR MOBILE,SPORTS,4.2,80900,21M,"1,000,000+",Free,0,Everyone,Sports,"July 25, 2018",7.1.7.4,4.4 and up,nascarmobile
WatchESPN,SPORTS,4.1,288809,6.6M,"10,000,000+",Free,0,Everyone,Sports,"September 27, 2017",2.5.1,4.4 and up,watchespn
UFC,SPORTS,4.0,30840,Varies with device,"1,000,000+",Free,0,Teen,Sports,"May 22, 2018",Varies with device,Varies with device,ufc
Real Basketball,SPORTS,4.5,1605267,Varies with device,"10,000,000+",Free,0,Everyone,Sports,"December 5, 2016",Varies with device,Varies with device,realbasketball
Google Trips - Travel Planner,TRAVEL_AND_LOCAL,4.1,26871,Varies with device,"5,000,000+",Free,0,Everyone,Travel & Local,"July 26, 2018",1.10.0.205086730,4.1 and up,googletripstravelplanner
Airbnb,TRAVEL_AND_LOCAL,4.4,359403,Varies with device,"10,000,000+",Free,0,Everyone,Travel & Local,"August 2, 2018",Varies with device,Varies with device,airbnb
Google Earth,TRAVEL_AND_LOCAL,4.3,2338655,Varies with device,"100,000,000+",Free,0,Everyone,Travel & Local,"June 18, 2018",9.2.17.13,4.1 and up,googleearth
Southwest Airlines,TRAVEL_AND_LOCAL,3.9,24781,8.3M,"5,000,000+",Free,0,Everyone,Travel & Local,"July 11, 2018",5.6.1,6.0 and up,southwestairlines
Google Street View,TRAVEL_AND_LOCAL,4.2,2129689,Varies with device,"1,000,000,000+",Free,0,Everyone,Travel & Local,"August 6, 2018",Varies with device,Varies with device,googlestreetview
SNCF,TRAVEL_AND_LOCAL,3.4,15750,Varies with device,"5,000,000+",Free,0,Everyone,Travel & Local,"August 2, 2018",Varies with device,Varies with device,sncf
Fly Delta,TRAVEL_AND_LOCAL,3.7,27560,46M,"5,000,000+",Free,0,Everyone,Travel & Local,"July 31, 2018",4.13.2,5.0 and up,flydelta
United Airlines,TRAVEL_AND_LOCAL,3.5,30447,80M,"5,000,000+",Free,0,Everyone,Travel & Local,"July 20, 2018",2.1.56,5.0 and up,unitedairlines
United Airlines,TRAVEL_AND_LOCAL,3.5,30447,80M,"5,000,000+",Free,0,Everyone,Travel & Local,"July 20, 2018",2.1.56,5.0 and up,unitedairlines
Southwest Airlines,TRAVEL_AND_LOCAL,3.9,24781,8.3M,"5,000,000+",Free,0,Everyone,Travel & Local,"July 11, 2018",5.6.1,6.0 and up,southwestairlines
Fly Delta,TRAVEL_AND_LOCAL,3.7,27560,46M,"5,000,000+",Free,0,Everyone,Travel & Local,"July 31, 2018",4.13.2,5.0 and up,flydelta
Airbnb,TRAVEL_AND_LOCAL,4.4,359560,Varies with device,"10,000,000+",Free,0,Everyone,Travel & Local,"August 2, 2018",Varies with device,Varies with device,airbnb
Google Street View,TRAVEL_AND_LOCAL,4.2,2129707,Varies with device,"1,000,000,000+",Free,0,Everyone,Travel & Local,"August 6, 2018",Varies with device,Varies with device,googlestreetview
Google Translate,TOOLS,4.4,5745093,Varies with device,"500,000,000+",Free,0,Everyone,Tools,"August 4, 2018",Varies with device,Varies with device,googletranslate
Calculator,TOOLS,4.3,40770,Varies with device,"100,000,000+",Free,0,Everyone,Tools,"November 21, 2017",Varies with device,Varies with device,calculator
Flashlight,TOOLS,4.7,115409,Varies with device,"10,000,000+",Free,0,Everyone,Tools,"August 6, 2018",Varies with device,Varies with device,flashlight
Calculator ++,TOOLS,4.6,33509,3.6M,"1,000,000+",Free,0,Everyone,Tools,"May 12, 2018",2.2.7,4.4 and up,calculator
Speedtest by Ookla,TOOLS,4.4,1028794,Varies with device,"100,000,000+",Free,0,Everyone,Tools,"July 19, 2018",Varies with device,Varies with device,speedtestbyookla
Microsoft Word,PRODUCTIVITY,4.5,2084126,Varies with device,"500,000,000+",Free,0,Everyone,Productivity,"July 11, 2018",16.0.10325.20043,4.4 and up,microsoftword
Microsoft Excel,PRODUCTIVITY,4.5,1079491,Varies with device,"100,000,000+",Free,0,Everyone,Productivity,"July 14, 2018",16.0.10325.20059,4.4 and up,microsoftexcel
Microsoft OneNote,PRODUCTIVITY,4.4,480643,Varies with device,"100,000,000+",Free,0,Everyone,Productivity,"July 22, 2018",16.0.10325.20024,4.4 and up,microsoftonenote
Dropbox,PRODUCTIVITY,4.4,1861310,61M,"500,000,000+",Free,0,Everyone,Productivity,"August 1, 2018",Varies with device,Varies with device,dropbox
Google Docs,PRODUCTIVITY,4.3,815981,Varies with device,"100,000,000+",Free,0,Everyone,Productivity,"August 6, 2018",Varies with device,Varies with device,googledocs
Microsoft PowerPoint,PRODUCTIVITY,4.5,618798,Varies with device,"100,000,000+",Free,0,Everyone,Productivity,"July 11, 2018",16.0.10325.20043,4.4 and up,microsoftpowerpoint
Verizon Cloud,PRODUCTIVITY,4.3,185632,Varies with device,"50,000,000+",Free,0,Everyone,Productivity,"July 18, 2018",Varies with device,4.4 and up,verizoncloud
myAT&T,PRODUCTIVITY,3.7,80847,Varies with device,"50,000,000+",Free,0,Everyone,Productivity,"July 18, 2018",Varies with device,5.0 and up,myatt
Trello,PRODUCTIVITY,4.5,72513,12M,"5,000,000+",Free,0,Everyone,Productivity,"July 18, 2018",5.0.1.11068-production,5.0 and up,trello
Microsoft Word,PRODUCTIVITY,4.5,2084125,Varies with device,"500,000,000+",Free,0,Everyone,Productivity,"July 11, 2018",16.0.10325.20043,4.4 and up,microsoftword
Google Sheets,PRODUCTIVITY,4.3,496399,Varies with device,"100,000,000+",Free,0,Everyone,Productivity,"August 6, 2018",Varies with device,Varies with device,googlesheets
Microsoft Excel,PRODUCTIVITY,4.5,1079616,Varies with device,"100,000,000+",Free,0,Everyone,Productivity,"July 14, 2018",16.0.10325.20059,4.4 and up,microsoftexcel
Google Docs,PRODUCTIVITY,4.3,815974,Varies with device,"100,000,000+",Free,0,Everyone,Productivity,"August 6, 2018",Varies with device,Varies with device,googledocs
Microsoft PowerPoint,PRODUCTIVITY,4.5,618796,Varies with device,"100,000,000+",Free,0,Everyone,Productivity,"July 11, 2018",16.0.10325.20043,4.4 and up,microsoftpowerpoint
Microsoft OneNote,PRODUCTIVITY,4.4,480640,Varies with device,"100,000,000+",Free,0,Everyone,Productivity,"July 22, 2018",16.0.10325.20024,4.4 and up,microsoftonenote
Google Slides,PRODUCTIVITY,4.2,244567,Varies with device,"100,000,000+",Free,0,Everyone,Productivity,"August 6, 2018",Varies with device,Varies with device,googleslides
Microsoft OneNote,PRODUCTIVITY,4.4,480638,Varies with device,"100,000,000+",Free,0,Everyone,Productivity,"July 22, 2018",16.0.10325.20024,4.4 and up,microsoftonenote
Dropbox,PRODUCTIVITY,4.4,1861309,61M,"500,000,000+",Free,0,Everyone,Productivity,"August 1, 2018",Varies with device,Varies with device,dropbox
Yahoo Weather,WEATHER,4.4,1312037,Varies with device,"10,000,000+",Free,0,Everyone,Weather,"August 1, 2018",Varies with device,Varies with device,yahooweather
Google Play Movies & TV,VIDEO_PLAYERS,3.7,906384,Varies with device,"1,000,000,000+",Free,0,Teen,Video Players & Editors,"August 6, 2018",Varies with device,Varies with device,googleplaymoviestv
Twitter,NEWS_AND_MAGAZINES,4.3,11667403,Varies with device,"500,000,000+",Free,0,Mature 17+,News & Magazines,"August 6, 2018",Varies with device,Varies with device,twitter
Sky News,NEWS_AND_MAGAZINES,4.0,30287,19M,"1,000,000+",Free,0,Everyone 10+,News & Magazines,"August 3, 2018",4.11.0.611033,4.1 and up,skynews
РИА Новости,NEWS_AND_MAGAZINES,4.5,44274,8.0M,"1,000,000+",Free,0,Everyone,News & Magazines,"August 6, 2018",4.0.6,4.4 and up,
The Washington Post Classic,NEWS_AND_MAGAZINES,4.5,23158,Varies with device,"1,000,000+",Free,0,Everyone 10+,News & Magazines,"July 17, 2018",Varies with device,Varies with device,thewashingtonpostclassic
USA TODAY,NEWS_AND_MAGAZINES,4.1,49259,Varies with device,"5,000,000+",Free,0,Everyone 10+,News & Magazines,"August 2, 2018",Varies with device,Varies with device,usatoday
The Guardian,NEWS_AND_MAGAZINES,4.7,247992,22M,"5,000,000+",Free,0,Teen,News & Magazines,"July 25, 2018",6.5.1725,4.1 and up,theguardian
NBC News,NEWS_AND_MAGAZINES,4.1,63020,Varies with device,"5,000,000+",Free,0,Everyone 10+,News & Magazines,"February 13, 2018",Varies with device,Varies with device,nbcnews
USA TODAY,NEWS_AND_MAGAZINES,4.1,49259,Varies with device,"5,000,000+",Free,0,Everyone 10+,News & Magazines,"August 2, 2018",Varies with device,Varies with device,usatoday
Twitter,NEWS_AND_MAGAZINES,4.3,11667403,Varies with device,"500,000,000+",Free,0,Mature 17+,News & Magazines,"August 6, 2018",Varies with device,Varies with device,twitter
USA TODAY,NEWS_AND_MAGAZINES,4.1,49259,Varies with device,"5,000,000+",Free,0,Everyone 10+,News & Magazines,"August 2, 2018",Varies with device,Varies with device,usatoday
NBC News,NEWS_AND_MAGAZINES,4.1,63020,Varies with device,"5,000,000+",Free,0,Everyone 10+,News & Magazines,"February 13, 2018",Varies with device,Varies with device,nbcnews
Uber,MAPS_AND_NAVIGATION,4.2,4928420,Varies with device,"100,000,000+",Free,0,Everyone,Maps & Navigation,"August 6, 2018",Varies with device,Varies with device,uber
Snapchat,SOCIAL,4.0,17000166,Varies with device,"500,000,000+",Free,0,Teen,Social,"July 30, 2018",Varies with device,Varies with device,snapchat
Flashlight,TOOLS,4.5,162335,4.9M,"10,000,000+",Free,0,Everyone,Tools,"July 6, 2018",8.10.1,4.0 and up,flashlight
aa,FAMILY,4.2,886418,6.5M,"50,000,000+",Free,0,Everyone,Strategy,"June 30, 2018",1.7.3,4.1 and up,aa
Pou,FAMILY,4.3,10483141,24M,"500,000,000+",Free,0,Everyone,Casual,"May 25, 2018",1.4.77,4.0 and up,pou
Agar.io,GAME,4.2,3815614,32M,"100,000,000+",Free,0,Everyone,Action,"July 23, 2018",2.2.8,4.0.3 and up,agario
UNO ™ & Friends,GAME,4.1,1728557,Varies with device,"50,000,000+",Free,0,Everyone,Card,"September 20, 2017",Varies with device,Varies with device,unofriends
My Talking Tom,FAMILY,4.5,14885236,Varies with device,"500,000,000+",Free,0,Everyone,Casual,"July 19, 2018",4.8.0.132,4.1 and up,mytalkingtom
Netflix,FAMILY,4.4,5453997,Varies with device,"100,000,000+",Free,0,Teen,Entertainment,"July 31, 2018",Varies with device,Varies with device,netflix
Subway Surfers,GAME,4.5,27711703,76M,"1,000,000,000+",Free,0,Everyone 10+,Arcade,"July 12, 2018",1.90.0,4.1 and up,subwaysurfers
Super Mario Run,GAME,3.7,1221896,70M,"100,000,000+",Free,0,Everyone,Action,"July 12, 2018",3.0.11,4.2 and up,supermariorun
LEGO® Juniors Create & Cruise,FAMILY,4.1,672089,73M,"50,000,000+",Free,0,Everyone,Educational;Action & Adventure,"January 19, 2018",6.7.5222,4.1 and up,legojuniorscreatecruise
WhatsApp Messenger,COMMUNICATION,4.4,69109672,Varies with device,"1,000,000,000+",Free,0,Everyone,Communication,"August 3, 2018",Varies with device,Varies with device,whatsappmessenger
Google Translate,TOOLS,4.4,5741684,Varies with device,"500,000,000+",Free,0,Everyone,Tools,"August 4, 2018",Varies with device,Varies with device,googletranslate
Pokémon GO,GAME,4.1,10421284,85M,"100,000,000+",Free,0,Everyone,Adventure,"July 23, 2018",0.111.3,4.4 and up,pokmongo
Instagram,SOCIAL,4.5,66509917,Varies with device,"1,000,000,000+",Free,0,Teen,Social,"July 31, 2018",Varies with device,Varies with device,instagram
My Talking Angela,FAMILY,4.5,9876369,99M,"100,000,000+",Free,0,Everyone,Casual,"July 3, 2018",3.7.2.51,4.1 and up,mytalkingangela
YouTube Kids,FAMILY,4.5,469851,Varies with device,"50,000,000+",Free,0,Everyone,Entertainment;Music & Video,"August 3, 2018",3.43.3,4.1 and up,youtubekids
Asphalt 8: Airborne,GAME,4.5,8389714,92M,"100,000,000+",Free,0,Teen,Racing,"July 4, 2018",3.7.1a,4.0.3 and up,asphalt8airborne
PAC-MAN,GAME,4.2,685450,37M,"100,000,000+",Free,0,Everyone,Arcade,"May 15, 2018",6.6.3,4.1 and up,pacman
Basketball Stars,SPORTS,4.4,867920,45M,"10,000,000+",Free,0,Everyone,Sports,"July 14, 2018",1.16.2,4.0.3 and up,basketballstars
Toca Kitchen 2,FAMILY,4.5,1013465,56M,"50,000,000+",Free,0,Everyone,Educational;Pretend Play,"June 29, 2017",1.2.3-play,4.1 and up,tocakitchen2
Rolling Sky,GAME,4.5,1117212,50M,"50,000,000+",Free,0,Everyone,Board,"August 3, 2018",Varies with device,4.0.3 and up,rollingsky
Chick-fil-A,FOOD_AND_DRINK,4.3,27931,17M,"5,000,000+",Free,0,Everyone,Food & Drink,"August 3, 2018",6.0.1,5.0 and up,chickfila
Flow Free,FAMILY,4.3,1295293,11M,"100,000,000+",Free,0,Everyone,Puzzle,"April 11, 2018",4.0,4.1 and up,flowfree
Microsoft Word,PRODUCTIVITY,4.5,2078744,Varies with device,"500,000,000+",Free,0,Everyone,Productivity,"July 11, 2018",16.0.10325.20043,4.4 and up,microsoftword
Alto's Adventure,GAME,4.6,515240,63M,"10,000,000+",Free,0,Everyone,Action,"June 5, 2018",1.7.1,4.0 and up,altosadventure
Zombie Tsunami,GAME,4.4,4918776,Varies with device,"100,000,000+",Free,0,Everyone 10+,Arcade,"June 15, 2018",Varies with device,Varies with device,zombietsunami
Bible,BOOKS_AND_REFERENCE,4.7,2440695,Varies with device,"100,000,000+",Free,0,Teen,Books & Reference,"August 2, 2018",Varies with device,Varies with device,bible
Facebook,SOCIAL,4.1,78128208,Varies with device,"1,000,000,000+",Free,0,Teen,Social,"August 3, 2018",Varies with device,Varies with device,facebook
8 Ball Pool,SPORTS,4.5,14184910,52M,"100,000,000+",Free,0,Everyone,Sports,"July 31, 2018",4.0.0,4.0.3 and up,8ballpool
MORTAL KOMBAT X,GAME,4.4,3039889,18M,"10,000,000+",Free,0,Mature 17+,Action,"June 27, 2018",1.18.2,4.0 and up,mortalkombatx
Hungry Shark Evolution,GAME,4.5,6071542,100M,"100,000,000+",Free,0,Teen,Arcade,"July 25, 2018",6.0.0,4.1 and up,hungrysharkevolution
Hay Day,FAMILY,4.5,10053186,94M,"100,000,000+",Free,0,Everyone,Casual,"June 28, 2018",1_39_93,4.0.3 and up,hayday
Block! Hexa Puzzle™,FAMILY,4.5,472247,Varies with device,"50,000,000+",Free,0,Everyone,Puzzle,"July 31, 2018",1.5.10,4.1 and up,blockhexapuzzle
Clash of Clans,FAMILY,4.6,44881447,98M,"100,000,000+",Free,0,Everyone 10+,Strategy,"July 15, 2018",10.322.16,4.1 and up,clashofclans
Clash Royale,FAMILY,4.6,23125280,97M,"100,000,000+",Free,0,Everyone 10+,Strategy,"June 27, 2018",2.3.2,4.1 and up,clashroyale
Candy Crush Saga,FAMILY,4.4,22419455,74M,"500,000,000+",Free,0,Everyone,Casual,"July 5, 2018",1.129.0.2,4.1 and up,candycrushsaga
Hill Climb Racing,GAME,4.4,8921451,63M,"100,000,000+",Free,0,Everyone,Racing,"July 2, 2018",1.37.2,4.2 and up,hillclimbracing
Dubsmash,VIDEO_PLAYERS,4.2,1971777,29M,"100,000,000+",Free,0,Teen,Video Players & Editors,"May 11, 2018",2.35.8,4.1 and up,dubsmash
Discord - Chat for Gamers,COMMUNICATION,4.5,305347,39M,"10,000,000+",Free,0,Teen,Communication,"July 27, 2018",7.1.8,4.1 and up,discordchatforgamers
Hitman Sniper,GAME,4.6,408292,29M,"10,000,000+",Paid,$0.99,Mature 17+,Action,"July 12, 2018",1.7.110758,4.1 and up,hitmansniper
Fruit Ninja®,GAME,4.3,5091448,41M,"100,000,000+",Free,0,Everyone,Arcade,"July 12, 2018",2.6.7.487220,4.1 and up,fruitninja
Temple Run 2,GAME,4.3,8116142,62M,"500,000,000+",Free,0,Everyone,Action,"July 5, 2018",1.49.1,4.0 and up,templerun2
Geometry Dash Meltdown,GAME,4.6,1591129,48M,"50,000,000+",Free,0,Everyone,Arcade,"December 22, 2017",1.01,4.0 and up,geometrydashmeltdown
Dropbox,PRODUCTIVITY,4.4,1860844,61M,"500,000,000+",Free,0,Everyone,Productivity,"August 1, 2018",Varies with device,Varies with device,dropbox
Smash Hit,GAME,4.5,4147718,79M,"100,000,000+",Free,0,Everyone,Arcade,"November 26, 2015",1.4.0,2.3 and up,smashhit
Bad Piggies,FAMILY,4.3,1168959,66M,"50,000,000+",Free,0,Everyone,Puzzle,"May 3, 2017",2.3.3,4.1 and up,badpiggies
Temple Run,GAME,4.3,4000433,42M,"100,000,000+",Free,0,Everyone,Arcade,"August 2, 2018",1.9.1,4.0 and up,templerun
E!,FAMILY,3.1,740,20M,"100,000+",Free,0,Teen,Entertainment,"May 24, 2018",3.3.1.41,4.4 and up,e
WWE,FAMILY,4.5,736824,20M,"10,000,000+",Free,0,Teen,Entertainment,"January 19, 2018",3.17.2,4.1 and up,wwe
Pinterest,SOCIAL,4.6,4300936,Varies with device,"100,000,000+",Free,0,Teen,Social,"August 3, 2018",Varies with device,Varies with device,pinterest
ClassDojo,FAMILY,4.4,148536,59M,"10,000,000+",Free,0,Everyone,Education;Education,"August 3, 2018",4.21.1,4.1 and up,classdojo
Wish - Shopping Made Fun,SHOPPING,4.5,6200739,15M,"100,000,000+",Free,0,Everyone,Shopping,"August 3, 2018",4.20.5,4.1 and up,wishshoppingmadefun
Twitter,NEWS_AND_MAGAZINES,4.3,11657972,Varies with device,"500,000,000+",Free,0,Mature 17+,News & Magazines,"July 30, 2018",Varies with device,Varies with device,twitter
Dumb Ways to Die 2: The Games,FAMILY,4.2,1671658,Varies with device,"50,000,000+",Free,0,Teen,Casual,"July 12, 2018",Varies with device,Varies with device,dumbwaystodie2thegames
F-Sim Space Shuttle,FAMILY,4.4,5427,Varies with device,"100,000+",Paid,$4.99,Everyone,Simulation,"January 28, 2014",Varies with device,Varies with device,fsimspaceshuttle
Geometry Dash World,GAME,4.6,759838,63M,"10,000,000+",Free,0,Everyone,Arcade,"December 22, 2017",1.03,4.0 and up,geometrydashworld
Hangouts,COMMUNICATION,4.0,3419464,Varies with device,"1,000,000,000+",Free,0,Everyone,Communication,"July 21, 2018",Varies with device,Varies with device,hangouts
H&M,LIFESTYLE,3.7,41917,14M,"10,000,000+",Free,0,Everyone,Lifestyle,"July 30, 2018",9.6.3,4.4 and up,hm
Geometry Dash Lite,GAME,4.5,6181640,58M,"100,000,000+",Free,0,Everyone,Arcade,"December 22, 2017",2.2,4.0 and up,geometrydashlite
H*nest Meditation,LIFESTYLE,4.9,145,48M,"5,000+",Paid,$1.99,Mature 17+,Lifestyle,"April 7, 2016",1.0,4.0.3 and up,hnestmeditation
slither.io,GAME,4.4,5231553,Varies with device,"100,000,000+",Free,0,Everyone,Action,"November 14, 2017",Varies with device,2.3 and up,slitherio
Solitaire!,GAME,4.7,403911,23M,"10,000,000+",Free,0,Everyone,Card,"June 24, 2018",2.277.0,4.1 and up,solitaire
Sonic Dash,GAME,4.5,3777822,75M,"100,000,000+",Free,0,Everyone,Arcade,"July 26, 2018",3.8.5.Go,4.1 and up,sonicdash
Zombie Catchers,GAME,4.7,989158,75M,"10,000,000+",Free,0,Everyone,Action,"May 24, 2018",1.0.27,4.1 and up,zombiecatchers
Jetpack Joyride,GAME,4.4,4637439,96M,"100,000,000+",Free,0,Everyone 10+,Arcade,"July 19, 2018",1.10.12,4.1 and up,jetpackjoyride
Tom's Love Letters,FAMILY,4.1,705805,35M,"50,000,000+",Free,0,Everyone,Entertainment,"April 30, 2018",2.3.1.8,4.1 and up,tomsloveletters
Kik,COMMUNICATION,4.3,2451136,Varies with device,"100,000,000+",Free,0,Teen,Communication,"August 3, 2018",Varies with device,Varies with device,kik
KIM KARDASHIAN: HOLLYWOOD,GAME,4.3,1017408,34M,"10,000,000+",Free,0,Teen,Adventure,"July 16, 2018",9.2.0,4.0 and up,kimkardashianhollywood
Tom Loves Angela,FAMILY,4.1,1111915,50M,"100,000,000+",Free,0,Everyone,Entertainment,"April 30, 2018",2.2.1.3,4.1 and up,tomlovesangela
Xbox,FAMILY,4.3,556659,46M,"10,000,000+",Free,0,Everyone,Entertainment,"June 20, 2018",1805.0618.1637,4.1 and up,xbox
The Maze Runner,GAME,4.0,428268,22M,"10,000,000+",Free,0,Everyone,Action,"September 14, 2015",1.8.1,2.3 and up,themazerunner
PicsArt Photo Studio: Collage Maker & Pic Editor,PHOTOGRAPHY,4.5,7590099,34M,"100,000,000+",Free,0,Teen,Photography,"July 31, 2018",9.40.3,4.0.3 and up,picsartphotostudiocollagemakerpiceditor
pixiv,SOCIAL,4.2,86956,24M,"1,000,000+",Free,0,Mature 17+,Social,"August 3, 2018",5.0.109,4.4 and up,pixiv
Q,FAMILY,4.2,69126,60M,"1,000,000+",Free,0,Everyone,Puzzle,"April 19, 2018",2.9.4,4.0 and up,q
ROBLOX,FAMILY,4.5,4443407,67M,"100,000,000+",Free,0,Everyone 10+,Adventure;Action & Adventure,"July 31, 2018",2.347.225742,4.1 and up,roblox
Tumblr,SOCIAL,4.4,2953886,Varies with device,"100,000,000+",Free,0,Mature 17+,Social,"August 1, 2018",Varies with device,Varies with device,tumblr
Tinder,LIFESTYLE,4.0,2789775,68M,"100,000,000+",Free,0,Mature 17+,Lifestyle,"August 2, 2018",9.5.0,4.4 and up,tinder
T-Mobile,TOOLS,4.3,482630,Varies with device,"10,000,000+",Free,0,Everyone,Tools,"August 3, 2018",Varies with device,Varies with device,tmobile
myAT&T,PRODUCTIVITY,3.7,80816,Varies with device,"50,000,000+",Free,0,Everyone,Productivity,"July 18, 2018",Varies with device,5.0 and up,myatt
T-Mobile Tuesdays,LIFESTYLE,4.0,53144,21M,"5,000,000+",Free,0,Everyone,Lifestyle,"July 13, 2018",4.8.0,5.0 and up,tmobiletuesdays
Don't Starve: Pocket Edition,GAME,4.4,17988,7.9M,"100,000+",Paid,$4.99,Teen,Adventure,"July 25, 2018",1.06,5.0 and up,dontstarvepocketedition
"Please, Don't Touch Anything",FAMILY,4.4,1771,46M,"10,000+",Paid,$4.99,Teen,Puzzle,"April 20, 2016",1.1.0,2.3 and up,pleasedonttouchanything
Please Don't Touch Anything 3D,FAMILY,4.2,146,20M,"5,000+",Paid,$5.99,Teen,Puzzle,"December 7, 2016",1.1,4.4 and up,pleasedonttouchanything3d
Don't Starve: Shipwrecked,GAME,4.1,1468,4.9M,"10,000+",Paid,$4.99,Teen,Adventure,"July 10, 2018",0.16,5.0 and up,dontstarveshipwrecked
U by BB&T,FINANCE,4.3,16600,24M,"1,000,000+",Free,0,Everyone,Finance,"June 19, 2018",1.7.7,4.4 and up,ubybbt
Uber,MAPS_AND_NAVIGATION,4.2,4921866,Varies with device,"100,000,000+",Free,0,Everyone,Maps & Navigation,"August 2, 2018",Varies with device,Varies with device,uber
FINAL FANTASY V,FAMILY,4.5,15924,4.2M,"100,000+",Paid,$7.99,Teen,Role Playing,"March 15, 2017",1.2.1,4.0 and up,finalfantasyv
WeChat,COMMUNICATION,4.2,5387631,Varies with device,"100,000,000+",Free,0,Everyone,Communication,"July 31, 2018",Varies with device,Varies with device,wechat
PewDiePie's Tuber Simulator,FAMILY,4.8,1499466,96M,"10,000,000+",Free,0,Teen,Casual,"July 24, 2018",1.25.0,4.1 and up,pewdiepiestubersimulator
PBS KIDS Video,FAMILY,4.2,36214,Varies with device,"5,000,000+",Free,0,Everyone,Education;Music & Video,"July 12, 2018",Varies with device,Varies with device,pbskidsvideo
DRAGON BALL Z DOKKAN BATTLE,GAME,4.1,650114,80M,"10,000,000+",Free,0,Teen,Action,"July 3, 2018",3.11.0,4.0.3 and up,dragonballzdokkanbattle
Angry Birds Blast,FAMILY,4.6,253115,99M,"10,000,000+",Free,0,Everyone,Puzzle,"July 27, 2018",1.6.4,4.4 and up,angrybirdsblast
Angry Birds POP Bubble Shooter,FAMILY,4.5,596628,99M,"10,000,000+",Free,0,Everyone,Casual,"August 2, 2018",3.39.0,4.1 and up,angrybirdspopbubbleshooter
Angry Birds 2,FAMILY,4.6,3881752,57M,"100,000,000+",Free,0,Everyone,Casual,"July 26, 2018",2.21.1,4.1 and up,angrybirds2
Angry Birds Rio,GAME,4.4,2610328,46M,"100,000,000+",Free,0,Everyone,Arcade,"July 3, 2018",2.6.9,4.1 and up,angrybirdsrio
Angry Birds Epic RPG,FAMILY,4.5,2634605,63M,"10,000,000+",Free,0,Everyone,Role Playing,"July 18, 2018",3.0.27430.4799,4.4 and up,angrybirdsepicrpg
Angry Birds Friends,GAME,4.2,829753,48M,"50,000,000+",Free,0,Everyone,Arcade,"June 19, 2018",4.9.0,4.1 and up,angrybirdsfriends
Angry Birds Go!,GAME,4.2,3846378,82M,"50,000,000+",Free,0,Everyone,Racing,"May 30, 2018",2.8.2,4.1 and up,angrybirdsgo
Angry Birds Star Wars,GAME,4.3,1218055,45M,"100,000,000+",Free,0,Everyone,Arcade,"May 25, 2018",1.5.12,4.1 and up,angrybirdsstarwars
Assassin's Creed Identity,GAME,3.7,42529,92M,"500,000+",Paid,$1.99,Teen,Action,"November 23, 2016",2.8.2,4.1 and up,assassinscreedidentity
Weather & Radar Pro - Ad-Free,WEATHER,4.5,25243,26M,"100,000+",Paid,$2.99,Everyone,Weather,"August 1, 2018",4.34.0,4.4 and up,weatherradarproadfree
iFunny :),FAMILY,4.4,503757,Varies with device,"10,000,000+",Free,0,Mature 17+,Entertainment,"August 2, 2018",Varies with device,Varies with device,ifunny
King of Avalon: Dragon Warfare,FAMILY,4.2,306652,64M,"10,000,000+",Free,0,Everyone 10+,Strategy,"July 31, 2018",4.6.4,4.0.3 and up,kingofavalondragonwarfare
Afterlight,PHOTOGRAPHY,4.3,50893,35M,"1,000,000+",Free,0,Everyone,Photography,"November 20, 2014",1.0.6,4.0.3 and up,afterlight
Adobe Illustrator Draw,PHOTOGRAPHY,4.4,65766,Varies with device,"5,000,000+",Free,0,Everyone,Photography,"April 2, 2018",3.4.23,5.0 and up,adobeillustratordraw
Animal Jam - Play Wild!,FAMILY,4.6,361734,58M,"5,000,000+",Free,0,Everyone,Casual;Pretend Play,"August 2, 2018",28.0.14,4.1 and up,animaljamplaywild
AJ Jump: Animal Jam Kangaroos!,GAME,4.4,2975,42M,"50,000+",Paid,$1.99,Everyone,Arcade,"March 7, 2016",1.6,4.0 and up,ajjumpanimaljamkangaroos
I am Bread,GAME,4.0,630,20M,"10,000+",Paid,$4.99,Everyone,Adventure,"October 26, 2016",1.6.1,4.4 and up,iambread
Vikings: an Archer's Journey,GAME,4.5,10256,39M,"1,000,000+",Free,0,Everyone,Action,"December 11, 2017",2.1.0,4.3 and up,vikingsanarchersjourney
The Sims™ FreePlay,FAMILY,4.3,931503,31M,"10,000,000+",Free,0,Teen,Simulation,"July 16, 2018",5.39.1,4.0.3 and up,thesimsfreeplay
My Emma :),FAMILY,4.1,245839,76M,"10,000,000+",Free,0,Everyone,Casual,"April 3, 2017",2.7.0,4.1 and up,myemma
My Horse,FAMILY,4.5,1333338,8.7M,"10,000,000+",Free,0,Everyone,Casual,"May 23, 2018",1.34.1,2.3.3 and up,myhorse
Ao Oni2,GAME,4.1,21223,48M,"1,000,000+",Free,0,Teen,Adventure,"April 20, 2018",1.6.6,4.1 and up,aooni2
Mobile Legends: Bang Bang,GAME,4.4,8219586,99M,"100,000,000+",Free,0,Teen,Action,"July 24, 2018",1.2.97.3042,4.0.3 and up,mobilelegendsbangbang
WGT Golf Game by Topgolf,SPORTS,4.3,148083,57M,"10,000,000+",Free,0,Everyone,Sports,"July 24, 2018",1.42.2,4.1 and up,wgtgolfgamebytopgolf
True Skate,SPORTS,4.4,129409,73M,"1,000,000+",Paid,$1.99,Everyone,Sports,"August 4, 2018",1.5.1,4.0.3 and up,trueskate
Puffin Web Browser,COMMUNICATION,4.3,541661,Varies with device,"10,000,000+",Free,0,Everyone,Communication,"July 9, 2018",7.5.3.20547,4.1 and up,puffinwebbrowser
Ingress,GAME,4.3,391325,43M,"10,000,000+",Free,0,Everyone,Adventure,"June 20, 2018",1.131.2,4.0 and up,ingress
"Egg, Inc.",FAMILY,4.7,580160,29M,"5,000,000+",Free,0,Everyone,Simulation,"June 13, 2018",1.7.5,4.0.3 and up,egginc
Choices: Stories You Play,FAMILY,4.6,807155,93M,"10,000,000+",Free,0,Teen,Simulation,"July 30, 2018",2.3.5,4.0.3 and up,choicesstoriesyouplay
Plants vs. Zombies™ Heroes,FAMILY,4.4,379245,68M,"10,000,000+",Free,0,Everyone,Casual;Action & Adventure,"June 26, 2018",1.28.01,4.1 and up,plantsvszombiesheroes
Five Nights at Freddy's 2,FAMILY,4.6,73919,40M,"500,000+",Paid,$2.99,Teen,Strategy,"November 15, 2014",1.07,2.3 and up,fivenightsatfreddys2
Five Nights at Freddy's,GAME,4.6,100805,50M,"1,000,000+",Paid,$2.99,Teen,Action,"December 2, 2014",1.85,2.3 and up,fivenightsatfreddys
DIRECTV,FAMILY,4.1,235486,63M,"10,000,000+",Free,0,Teen,Entertainment,"June 1, 2018",5.9.006,4.1 and up,directv
Five Nights at Freddy's 4,GAME,4.6,21266,45M,"100,000+",Paid,$2.99,Teen,Action,"July 26, 2015",1.1,2.3 and up,fivenightsatfreddys4
Five Nights at Freddy's 3,GAME,4.7,27856,50M,"100,000+",Paid,$2.99,Teen,Action,"April 2, 2015",1.07,2.3 and up,fivenightsatfreddys3
AirWatch Agent,BUSINESS,3.1,20973,31M,"5,000,000+",Free,0,Everyone,Business,"August 1, 2018",8.2.0.84,4.0 and up,airwatchagent
Call of Duty®: Heroes,GAME,4.4,1604146,57M,"10,000,000+",Free,0,Teen,Action,"June 27, 2018",4.8.0,4.1 and up,callofdutyheroes
Kids A-Z,FAMILY,4.2,26426,30M,"1,000,000+",Free,0,Everyone,Education;Education,"August 2, 2018",4.1.0,4.4 and up,kidsaz
Baby Connect (activity log),PARENTING,4.7,8343,8.3M,"50,000+",Paid,$4.99,Everyone,Parenting,"July 10, 2018",6.3.16,4.0.3 and up,babyconnectactivitylog
OK K.O.! Lakewood Plaza Turbo,FAMILY,4.5,76608,24M,"1,000,000+",Free,0,Everyone 10+,Action;Action & Adventure,"January 5, 2017",1.3.1,4.0 and up,okkolakewoodplazaturbo
Nick,FAMILY,4.2,123309,25M,"10,000,000+",Free,0,Everyone 10+,Entertainment;Music & Video,"January 24, 2018",2.0.8,4.4 and up,nick
Battlefield™ Companion,GAME,4.0,263907,62M,"10,000,000+",Free,0,Everyone 10+,Action,"November 1, 2016",3.0.4,4.0 and up,battlefieldcompanion
Bullet Force,GAME,4.5,634159,58M,"10,000,000+",Free,0,Teen,Action,"June 21, 2018",1.40,4.2 and up,bulletforce
Baldur's Gate: Enhanced Edition,FAMILY,4.5,20101,7.8M,"100,000+",Paid,$9.99,Teen,Role Playing,"October 2, 2015",1.3,3.0 and up,baldursgateenhancededition
LEGO ® Batman: Beyond Gotham,FAMILY,4.1,10758,8.0M,"100,000+",Paid,$4.99,Everyone 10+,Adventure;Action & Adventure,"December 15, 2015",Varies with device,4.0.3 and up,legobatmanbeyondgotham
Battleheart Legacy,FAMILY,4.6,7420,7.4M,"50,000+",Paid,$4.99,Teen,Role Playing,"November 10, 2014",1.2.5,4.1 and up,battleheartlegacy
Bitmoji – Your Personal Emoji,FAMILY,4.6,2312084,Varies with device,"100,000,000+",Free,0,Teen,Entertainment,"July 25, 2018",Varies with device,4.3 and up,bitmojiyourpersonalemoji
TED,FAMILY,4.6,181961,18M,"10,000,000+",Free,0,Everyone 10+,Education,"July 27, 2018",3.2.5,4.1 and up,ted
My College Bookstore,SHOPPING,3.2,661,7.6M,"100,000+",Free,0,Everyone,Shopping,"March 19, 2018",3.0.2,4.1 and up,mycollegebookstore
Boom Beach,FAMILY,4.5,5591653,95M,"50,000,000+",Free,0,Everyone 10+,Strategy,"July 18, 2018",35.119,4.0.3 and up,boombeach
Red Ball 4,GAME,4.4,1432447,59M,"50,000,000+",Free,0,Everyone,Arcade,"November 9, 2017",1.3.21,4.0.3 and up,redball4
Wishbone - Compare Anything,SOCIAL,4.3,51569,26M,"1,000,000+",Free,0,Teen,Social,"July 30, 2018",5.4.7,4.1 and up,wishbonecompareanything
Township,FAMILY,4.6,4451317,Varies with device,"50,000,000+",Free,0,Everyone,Casual,"July 19, 2018",5.9.0,4.0.3 and up,township
Hungry Shark World,GAME,4.5,1243017,27M,"50,000,000+",Free,0,Teen,Action,"July 18, 2018",3.0.0,4.2 and up,hungrysharkworld
"Bleacher Report: sports news, scores, & highlights",SPORTS,4.4,122280,Varies with device,"5,000,000+",Free,0,Everyone 10+,Sports,"July 20, 2018",Varies with device,Varies with device,bleacherreportsportsnewsscoreshighlights
Smashy Road: Arena,GAME,4.3,45558,53M,"5,000,000+",Free,0,Everyone 10+,Action,"May 24, 2018",1.1.9,4.1 and up,smashyroadarena
Philips Hue,LIFESTYLE,3.1,10006,53M,"1,000,000+",Free,0,Everyone,Lifestyle,"July 26, 2018",3.2.0,5.0 and up,philipshue
Hitman GO,FAMILY,4.6,84114,23M,"500,000+",Paid,$0.99,Everyone 10+,Puzzle,"July 5, 2018",1.13.108869,2.3.3 and up,hitmango
Super Jabber Jump,GAME,4.3,85882,23M,"10,000,000+",Free,0,Everyone,Arcade,"November 7, 2017",6.6.3106,2.3 and up,superjabberjump
Driving Zone,GAME,4.2,51791,57M,"1,000,000+",Free,0,Everyone,Racing,"June 6, 2018",1.53,4.1 and up,drivingzone
Photo Editor by Aviary,PHOTOGRAPHY,4.4,1490722,21M,"50,000,000+",Free,0,Everyone,Photography,"July 19, 2018",4.8.4,4.1 and up,photoeditorbyaviary
My Movies Pro - Movie & TV Collection Library,LIFESTYLE,4.6,6477,20M,"10,000+",Paid,$7.99,Everyone,Lifestyle,"July 16, 2018",2.26 Build 17,4.1 and up,mymoviespromovietvcollectionlibrary
Threema,COMMUNICATION,4.5,51110,Varies with device,"1,000,000+",Paid,$2.99,Everyone,Communication,"August 3, 2018",Varies with device,Varies with device,threema
SimCity BuildIt,FAMILY,4.5,4218587,100M,"50,000,000+",Free,0,Everyone 10+,Simulation,"June 19, 2018",1.23.3.75024,4.0 and up,simcitybuildit
Grand Theft Auto: San Andreas,GAME,4.4,348962,26M,"1,000,000+",Paid,$6.99,Mature 17+,Action,"March 21, 2015",1.08,3.0 and up,grandtheftautosanandreas
Can Knockdown 3,GAME,4.1,349503,19M,"10,000,000+",Free,0,Everyone,Arcade,"August 26, 2015",1.31,4.0 and up,canknockdown3
Shadow Fight 2,GAME,4.6,10981850,88M,"100,000,000+",Free,0,Everyone 10+,Action,"July 2, 2018",1.9.38,3.0 and up,shadowfight2
The CW,FAMILY,4.4,288209,21M,"5,000,000+",Free,0,Teen,Entertainment,"July 23, 2018",2.17,4.4 and up,thecw
AMC,FAMILY,3.2,20843,14M,"1,000,000+",Free,0,Teen,Entertainment,"August 2, 2018",3.3.85 (2),4.4 and up,amc
Cartoon Wars 3,FAMILY,4.1,137674,72M,"5,000,000+",Free,0,Teen,Role Playing,"July 4, 2018",2.0.2,2.3 and up,cartoonwars3
Cytus,GAME,4.7,541732,20M,"5,000,000+",Free,0,Everyone,Music,"February 9, 2018",10.0.10,2.3 and up,cytus
Army of Heroes,FAMILY,4.5,85015,46M,"1,000,000+",Free,0,Everyone 10+,Strategy,"August 1, 2018",1.03.06,4.0 and up,armyofheroes
Peppa Pig: Party Time,FAMILY,3.8,52,55M,"10,000+",Paid,$2.99,Everyone,Educational;Pretend Play,"August 8, 2017",1.2.1,2.3 and up,peppapigpartytime
COOKING MAMA Let's Cook!,FAMILY,4.3,528917,59M,"10,000,000+",Free,0,Everyone,Educational;Pretend Play,"July 26, 2018",1.38.0,4.1 and up,cookingmamaletscook
Just Dance Now,GAME,4.2,794058,56M,"10,000,000+",Free,0,Everyone,Music,"June 12, 2018",2.3.0,4.4 and up,justdancenow
DB Navigator,MAPS_AND_NAVIGATION,4.0,119685,20M,"10,000,000+",Free,0,Everyone,Maps & Navigation,"July 2, 2018",18.06.p03.02,4.0.3 and up,dbnavigator
Injustice: Gods Among Us,GAME,4.4,2440877,32M,"10,000,000+",Free,0,Teen,Action,"June 14, 2018",2.21,4.0 and up,injusticegodsamongus
LEGO Batman: DC Super Heroes,FAMILY,4.2,2557,5.8M,"50,000+",Paid,$4.99,Everyone 10+,Adventure;Action & Adventure,"May 9, 2016",Varies with device,4.0.3 and up,legobatmandcsuperheroes
MARVEL Contest of Champions,GAME,4.3,2468915,92M,"50,000,000+",Free,0,Teen,Action,"July 30, 2018",19.1.0,4.0.3 and up,marvelcontestofchampions
MARVEL Avengers Academy,GAME,4.2,304106,Varies with device,"10,000,000+",Free,0,Teen,Adventure,"August 6, 2018",2.8.2,4.0.3 and up,marvelavengersacademy
MARVEL Future Fight,FAMILY,4.6,2354042,72M,"50,000,000+",Free,0,Everyone 10+,Role Playing,"July 3, 2018",4.2.0,4.0.3 and up,marvelfuturefight
WEB.DE Mail,COMMUNICATION,4.3,226541,Varies with device,"10,000,000+",Free,0,Everyone,Communication,"July 25, 2018",Varies with device,Varies with device,webdemail
Dictionary,BOOKS_AND_REFERENCE,4.5,264260,Varies with device,"10,000,000+",Free,0,Everyone,Books & Reference,"June 22, 2018",Varies with device,Varies with device,dictionary
DEER HUNTER CLASSIC,GAME,4.4,3941129,77M,"50,000,000+",Free,0,Teen,Action,"July 16, 2018",3.12.0,3.0 and up,deerhunterclassic
Bike Unchained,SPORTS,4.3,83545,23M,"5,000,000+",Free,0,Everyone,Sports,"July 31, 2018",1.193,4.0 and up,bikeunchained
Deck Heroes: Legacy,GAME,4.7,466495,52M,"10,000,000+",Free,0,Teen,Card,"July 16, 2018",11.7.5,2.3.3 and up,deckheroeslegacy
Boomerang from Instagram,PHOTOGRAPHY,4.4,928720,Varies with device,"50,000,000+",Free,0,Everyone,Photography,"July 16, 2018",Varies with device,Varies with device,boomerangfrominstagram
Lep's World 3 🍀🍀🍀,GAME,4.3,771001,52M,"50,000,000+",Free,0,Everyone 10+,Action,"June 11, 2018",2.0.1.3,4.1 and up,lepsworld3
Google Sheets,PRODUCTIVITY,4.3,496397,Varies with device,"100,000,000+",Free,0,Everyone,Productivity,"August 6, 2018",Varies with device,Varies with device,googlesheets
Nyan Cat: Lost In Space,GAME,4.5,371318,90M,"10,000,000+",Free,0,Everyone 10+,Arcade,"June 8, 2018",10.1.6,4.1 and up,nyancatlostinspace
Google Docs,PRODUCTIVITY,4.3,815974,Varies with device,"100,000,000+",Free,0,Everyone,Productivity,"August 6, 2018",Varies with device,Varies with device,googledocs
Does not Commute,GAME,4.0,154108,78M,"5,000,000+",Free,0,Everyone,Racing,"October 13, 2015",1.4.2,2.3 and up,doesnotcommute
Dude Perfect 2,GAME,4.5,401648,70M,"10,000,000+",Free,0,Everyone,Action,"April 12, 2017",1.6.1,4.0.3 and up,dudeperfect2
Endless Ducker,GAME,4.5,8193,41M,"500,000+",Free,0,Everyone,Arcade,"September 16, 2016",1.0.7,4.0.3 and up,endlessducker
Dude Perfect,SPORTS,4.5,97,1.9M,"10,000+",Free,0,Everyone,Sports,"June 28, 2017",1.0,4.1 and up,dudeperfect
DRAGON QUEST,FAMILY,4.2,9659,30M,"100,000+",Paid,$2.99,Everyone,Role Playing,"March 10, 2017",1.0.7,2.3 and up,dragonquest
SONIC Drive-In,FOOD_AND_DRINK,4.3,19373,43M,"1,000,000+",Free,0,Everyone,Food & Drink,"July 31, 2018",3.3.6,4.4 and up,sonicdrivein
McDonald's,FOOD_AND_DRINK,3.6,145646,42M,"10,000,000+",Free,0,Everyone,Food & Drink,"July 31, 2018",5.15.0,4.4 and up,mcdonalds
Whataburger,FOOD_AND_DRINK,4.5,5093,56M,"500,000+",Free,0,Everyone,Food & Drink,"April 10, 2018",1.9.0,4.2 and up,whataburger
Starbucks,FOOD_AND_DRINK,4.5,455496,35M,"10,000,000+",Free,0,Everyone,Food & Drink,"August 1, 2018",4.11.1,4.4 and up,starbucks
Dr. Panda Farm,FAMILY,4.1,265,46M,"10,000+",Paid,$2.99,Everyone,Education;Pretend Play,"July 21, 2016",1.0,4.0 and up,drpandafarm
Dr. Panda's Swimming Pool,FAMILY,4.4,2311,9.3M,"100,000+",Paid,$1.99,Everyone,Casual;Pretend Play,"January 15, 2015",1.01,4.0 and up,drpandasswimmingpool
Dr. Panda & Toto's Treehouse,FAMILY,4.4,3397,9.5M,"50,000+",Paid,$3.99,Everyone,Casual;Pretend Play,"December 9, 2014",1.8,4.0 and up,drpandatotostreehouse
Dr. Panda Hospital,FAMILY,4.4,1091,45M,"50,000+",Paid,$2.99,Everyone,Education;Pretend Play,"December 5, 2013",1.6,2.0.1 and up,drpandahospital
Dr. Panda Supermarket,FAMILY,4.2,1357,58M,"50,000+",Paid,$2.99,Everyone,Educational;Pretend Play,"February 16, 2016",1.6,4.0 and up,drpandasupermarket
Bloons TD 5,FAMILY,4.6,190086,94M,"1,000,000+",Paid,$2.99,Everyone,Strategy,"July 13, 2018",3.16,2.3.3 and up,bloonstd5
PES CLUB MANAGER,SPORTS,4.4,783025,Varies with device,"10,000,000+",Free,0,Everyone,Sports,"June 7, 2018",1.7.2,4.2 and up,pesclubmanager
Riptide GP: Renegade,GAME,4.7,4328,Varies with device,"100,000+",Paid,$2.99,Everyone 10+,Racing,"June 1, 2018",1.2.1,4.1 and up,riptidegprenegade
Star Chart,FAMILY,4.3,128808,Varies with device,"10,000,000+",Free,0,Everyone,Education;Education,"August 2, 2018",Varies with device,Varies with device,starchart
DX,SHOPPING,3.1,6697,11M,"500,000+",Free,0,Everyone,Shopping,"February 1, 2018",4.2.1,4.0 and up,dx
Retro City Rampage DX,GAME,4.7,416,16M,"10,000+",Paid,$2.99,Teen,Action,"January 12, 2017",1.0.5,4.0 and up,retrocityrampagedx
EA SPORTS UFC®,SPORTS,4.5,2371338,37M,"50,000,000+",Free,0,Teen,Sports,"July 24, 2017",1.9.3097721,2.3.3 and up,easportsufc
NBA LIVE Mobile Basketball,SPORTS,4.4,1690802,58M,"50,000,000+",Free,0,Everyone,Sports,"May 21, 2018",2.3.1,4.0 and up,nbalivemobilebasketball
Need for Speed™ No Limits,GAME,4.4,3344300,22M,"50,000,000+",Free,0,Everyone 10+,Racing,"July 24, 2018",2.12.1,4.1 and up,needforspeednolimits
Real Racing 3,FAMILY,4.5,354454,71M,"10,000,000+",Free,0,Everyone,Racing;Action & Adventure,"July 2, 2018",6.4.0,4.1 and up,realracing3
The Simpsons™: Tapped Out,FAMILY,4.3,636995,49M,"10,000,000+",Free,0,Teen,Casual,"July 31, 2018",4.34.0,4.0.3 and up,thesimpsonstappedout
Plants vs. Zombies™ 2,FAMILY,4.4,567632,15M,"10,000,000+",Free,0,Everyone 10+,Casual,"June 12, 2018",6.8.1,4.1 and up,plantsvszombies2
Star Wars™: Galaxy of Heroes,FAMILY,4.5,1461698,67M,"10,000,000+",Free,0,Everyone 10+,Role Playing,"May 21, 2018",0.12.334385,4.1 and up,starwarsgalaxyofheroes
TETRIS,FAMILY,4.0,199808,57M,"10,000,000+",Free,0,Everyone,Puzzle,"June 14, 2018",3.0.10,3.0 and up,tetris
Bejeweled Classic,FAMILY,4.4,203101,Varies with device,"5,000,000+",Free,0,Everyone,Casual,"May 31, 2018",Varies with device,4.1 and up,bejeweledclassic
NBA JAM by EA SPORTS™,FAMILY,4.3,56444,43M,"500,000+",Paid,$4.99,Everyone,Sports;Action & Adventure,"February 8, 2017",04.00.40,2.3 and up,nbajambyeasports
TETRIS Blitz,FAMILY,4.4,201631,96M,"5,000,000+",Free,0,Everyone,Puzzle,"June 1, 2018",4.4.4,4.1 and up,tetrisblitz
Bejeweled Blitz,FAMILY,4.2,222664,98M,"10,000,000+",Free,0,Everyone,Puzzle,"August 1, 2018",2.6.0.125,4.0.3 and up,bejeweledblitz
Peggle Blast,GAME,4.1,166251,19M,"5,000,000+",Free,0,Everyone,Card,"December 11, 2017",2.16.0,4.0.3 and up,peggleblast
Gear.Club - True Racing,GAME,4.4,140658,37M,"1,000,000+",Free,0,Everyone,Racing,"August 1, 2018",1.21.2,4.3 and up,gearclubtrueracing
RPG ブレイジング ソウルズ アクセレイト,FAMILY,3.4,159,3.1M,"1,000+",Paid,$10.99,Teen,Role Playing,"April 26, 2018",2.12,2.3 and up,rpg
أحداث وحقائق | خبر عاجل في اخبار العالم,NEWS_AND_MAGAZINES,4.8,311,14M,"5,000+",Free,0,Everyone 10+,News & Magazines,"July 15, 2018",2.9.19a,4.2 and up,
My Little Pony: Harmony Quest,FAMILY,4.1,148405,26M,"10,000,000+",Free,0,Everyone,Casual;Action & Adventure,"March 5, 2018",1.6,4.1 and up,mylittleponyharmonyquest
Fit the Fat 2,SPORTS,3.8,35746,55M,"5,000,000+",Free,0,Everyone,Sports,"December 15, 2017",1.4.3,4.0.3 and up,fitthefat2
Mad Skills Motocross,GAME,4.0,32522,44M,"1,000,000+",Free,0,Everyone,Racing,"January 25, 2016",1.2.0,2.0 and up,madskillsmotocross
Pineapple Pen,GAME,4.3,157264,65M,"10,000,000+",Free,0,Everyone,Arcade,"December 30, 2016",1.31,4.0.3 and up,pineapplepen
Egg,FAMILY,2.9,72,27M,"5,000+",Free,0,Mature 17+,Simulation,"June 9, 2018",1.2.2,2.3 and up,egg
Bad Piggies HD,FAMILY,4.4,764967,69M,"10,000,000+",Free,0,Everyone,Puzzle,"July 5, 2018",2.3.4,4.1 and up,badpiggieshd
Farming Simulator 16,FAMILY,4.2,32812,14M,"500,000+",Paid,$2.99,Everyone,Simulation;Education,"April 10, 2018",1.1.1.6,4.0.3 and up,farmingsimulator16
Hangman,FAMILY,4.4,23302,12M,"5,000,000+",Free,0,Everyone,Puzzle,"March 24, 2018",1.0.6,4.0 and up,hangman
Fernanfloo,GAME,4.8,526595,49M,"10,000,000+",Free,0,Everyone 10+,Arcade,"June 26, 2018",2.9,4.0.3 and up,fernanfloo
The Game of Life,GAME,4.4,18652,63M,"100,000+",Paid,$2.99,Everyone,Board,"July 4, 2018",2.1.2,4.4 and up,thegameoflife
Narcos: Cartel Wars,FAMILY,4.7,244797,52M,"5,000,000+",Free,0,Teen,Strategy,"July 30, 2018",1.24.09,4.0.3 and up,narcoscartelwars
Get 'Em,GAME,4.1,7904,21M,"500,000+",Free,0,Everyone 10+,Action,"October 26, 2016",1.6.7,4.0.3 and up,getem
Edmodo,FAMILY,4.1,200214,18M,"10,000,000+",Free,0,Everyone,Education,"August 6, 2018",9.12.6,4.0.3 and up,edmodo
"Univision Deportes: Liga MX, MLS, Fútbol En Vivo",SPORTS,4.2,75566,Varies with device,"5,000,000+",Free,0,Everyone,Sports,"July 23, 2018",Varies with device,Varies with device,univisiondeportesligamxmlsftbolenvivo
The EO Bar,HEALTH_AND_FITNESS,4.7,416,34M,"10,000+",Paid,$6.99,Everyone,Health & Fitness,"July 2, 2018",1.3.7,4.1 and up,theeobar
Where's My Water?,FAMILY,4.7,188740,69M,"1,000,000+",Paid,$1.99,Everyone,Puzzle;Brain Games,"July 5, 2018",1.16.0,4.2 and up,wheresmywater
Frozen Free Fall,FAMILY,4.3,1574546,37M,"50,000,000+",Free,0,Everyone,Puzzle;Action & Adventure,"July 27, 2018",6.7.0,4.2 and up,frozenfreefall
Episode - Choose Your Story,FAMILY,4.3,1842381,Varies with device,"50,000,000+",Free,0,Teen,Simulation,"July 31, 2018",Varies with device,Varies with device,episodechooseyourstory
Out There Chronicles - Ep. 1,FAMILY,4.4,1516,44M,"50,000+",Paid,$2.99,Everyone,Role Playing,"November 27, 2017",1.0.4,4.2 and up,outtherechroniclesep1
Google Earth,TRAVEL_AND_LOCAL,4.3,2339098,Varies with device,"100,000,000+",Free,0,Everyone,Travel & Local,"June 18, 2018",9.2.17.13,4.1 and up,googleearth
Nike Training Club - Workouts & Fitness Plans,HEALTH_AND_FITNESS,4.6,251618,93M,"10,000,000+",Free,0,Everyone,Health & Fitness,"July 18, 2018",5.14.0,5.0 and up,niketrainingclubworkoutsfitnessplans
Epson iPrint,TOOLS,4.1,108169,Varies with device,"10,000,000+",Free,0,Everyone,Tools,"June 25, 2018",Varies with device,Varies with device,epsoniprint
myChevrolet,LIFESTYLE,3.5,6747,Varies with device,"1,000,000+",Free,0,Everyone,Lifestyle,"June 11, 2018",Varies with device,Varies with device,mychevrolet
Design Home,FAMILY,4.4,539931,69M,"10,000,000+",Free,0,Everyone,Simulation,"August 6, 2018",1.11.01,4.2 and up,designhome
XCOM®: Enemy Within,FAMILY,4.2,13752,21M,"100,000+",Paid,$9.99,Mature 17+,Strategy,"October 24, 2017",1.7.0,4.0 and up,xcomenemywithin
Mobile Strike,FAMILY,3.9,903392,Varies with device,"50,000,000+",Free,0,Everyone 10+,Strategy,"June 14, 2018",3.30.4.207,4.1 and up,mobilestrike
European War 5:Empire,FAMILY,3.8,9513,82M,"100,000+",Free,0,Everyone 10+,Strategy,"June 8, 2018",1.2.6,4.0.3 and up,europeanwar5empire
Storm Shield,WEATHER,3.5,2000,14M,"100,000+",Free,0,Everyone,Weather,"July 31, 2018",4.1.12,5.0 and up,stormshield
TRANSFORMERS: Earth Wars,FAMILY,4.5,256219,95M,"10,000,000+",Free,0,Everyone,Strategy,"July 31, 2018",1.64.0.21247,4.2 and up,transformersearthwars
Premier League - Official App,SPORTS,4.3,63782,24M,"5,000,000+",Free,0,Everyone,Sports,"August 7, 2018",1.1.5,4.1 and up,premierleagueofficialapp
Farm Heroes Saga,FAMILY,4.4,7615646,71M,"100,000,000+",Free,0,Everyone,Casual,"August 7, 2018",5.2.6,2.3 and up,farmheroessaga
Fallout Shelter,FAMILY,4.6,2721923,25M,"10,000,000+",Free,0,Teen,Simulation,"June 11, 2018",1.13.12,4.1 and up,falloutshelter
Messenger,SOCIAL,4.1,68025,3.9M,"10,000,000+",Free,0,Everyone,Social,"April 16, 2018",1.0,4.1 and up,messenger
Angry Birds Space HD,GAME,4.5,43645,46M,"5,000,000+",Free,0,Everyone,Arcade,"May 25, 2018",2.2.13,4.1 and up,angrybirdsspacehd
Family Guy The Quest for Stuff,GAME,4.0,995002,Varies with device,"10,000,000+",Free,0,Mature 17+,Adventure,"July 25, 2018",1.73.0,4.1 and up,familyguythequestforstuff
Talking Tom Bubble Shooter,FAMILY,4.4,687136,54M,"50,000,000+",Free,0,Everyone,Casual,"May 25, 2018",1.5.3.20,4.1 and up,talkingtombubbleshooter
TownWiFi | Wi-Fi Everywhere,COMMUNICATION,3.9,2372,58M,"500,000+",Free,0,Everyone,Communication,"August 2, 2018",4.2.1,4.2 and up,townwifiwifieverywhere
Crazy Freekick,SPORTS,3.9,47688,17M,"5,000,000+",Free,0,Everyone,Sports,"May 18, 2016",1.0.15,2.3 and up,crazyfreekick
Solitaire+,GAME,4.6,11235,Varies with device,"100,000+",Paid,$2.99,Everyone,Card,"July 30, 2018",Varies with device,Varies with device,solitaire
Fruit Ninja Classic,GAME,4.3,85468,36M,"1,000,000+",Paid,$0.99,Everyone,Arcade,"June 8, 2018",2.4.1.485300,4.0.3 and up,fruitninjaclassic
Firefox Focus: The privacy browser,COMMUNICATION,4.4,36981,4.0M,"1,000,000+",Free,0,Everyone,Communication,"July 6, 2018",5.2,5.0 and up,firefoxfocustheprivacybrowser
"sugar, sugar",FAMILY,4.2,1405,9.5M,"10,000+",Paid,$1.20,Everyone,Puzzle,"June 5, 2018",2.7,2.3 and up,sugarsugar
Fuel Rewards® program,LIFESTYLE,4.6,32433,46M,"1,000,000+",Free,0,Everyone,Lifestyle,"June 26, 2018",2.9.1,5.0 and up,fuelrewardsprogram
